title,address,location-name,state,url,featured_image,type,price
A1 Senior Care 2,"2040 Symphony Avenue, Roseville, Ca 95747",Roseville,CA,https://app.seniorplace.com/communities/show/33fc3ce7-0fbe-4916-9a81-84de7b0d8a5d,https://placement-crm-cdn.s3.us-west-2.amazonaws.com/_entities/communities/3af41d2b7591bd2954d740281b0ce974.jpg,Assisted Living Home,
A1 Senior Care 3,"421 Ashwood Way, Lincoln, Ca 95648",Lincoln,CA,https://app.seniorplace.com/communities/show/c9793abf-9d53-43ae-af76-d87f88e7c3ce,https://placement-crm-cdn.s3.us-west-2.amazonaws.com/_entities/communities/d1d1b3fc6d898170db1eb6088b3816f9.jpg,Assisted Living Home,
A1 Senior Care 4,"201 Star Dream Court, Roseville, Ca 95747",Roseville,CA,https://app.seniorplace.com/communities/show/28ba8094-fc9a-4c13-8bbb-0a0f3f92817a,,Assisted Living Home,
A1Senior Care,"217 Hingham Court, Roseville, Ca 95747",Roseville,CA,https://app.seniorplace.com/communities/show/558c0023-4b47-4895-a9ad-b09af1f1c0b4,https://placement-crm-cdn.s3.us-west-2.amazonaws.com/_entities/communities/2112f8d9f2c92e63726696ce672b05ed.jpg,Assisted Living Home,
Aa Americare Home Care,"27710 Cherry Creek Drive, Santa Clarita, Ca 91354",Santa Clarita,CA,https://app.seniorplace.com/communities/show/5d0a0560-01f5-4b14-a525-7bff3facb19d,https://placement-crm-cdn.s3.us-west-2.amazonaws.com/_entities/communities/a1fa41dc47d63858e792ed768288e28e.jpg,Assisted Living Home,
Aa Best Care Homes,"857 Hearn Avenue, Santa Rosa, Ca 95407",Santa Rosa,CA,https://app.seniorplace.com/communities/show/10632e5b-9165-4dca-971d-03f019b05a3f,https://placement-crm-cdn.s3.us-west-2.amazonaws.com/_entities/communities/78b86694002c78723adf03ddb8592498.jpg,Assisted Living Community,
Aa Plus Care Home,"4458 VÃ­a Del Valle, Yorba Linda, Ca 92886",Yorba Linda,CA,https://app.seniorplace.com/communities/show/b25afe57-bf4e-4639-9bb1-8d44edd423bb,https://placement-crm-cdn.s3.us-west-2.amazonaws.com/_entities/communities/500de8229fcc158df8c74a10af4673de.jpg,Assisted Living Home,
Aaa Care,"8445 Old Auburn Road, Citrus Heights, Ca 95610",Citrus Heights,CA,https://app.seniorplace.com/communities/show/758c2c32-27ad-4883-81e8-73477c917635,https://placement-crm-cdn.s3.us-west-2.amazonaws.com/_entities/communities/971cbf71541773b5b9745c5a4f4da25e.jpg,Assisted Living Home,
Aaa Home Care,"6268 Grand Canyon Drive, Roseville, Ca 95678",Roseville,CA,https://app.seniorplace.com/communities/show/98aa4e39-d3db-422b-862c-dcb28ae6229d,https://placement-crm-cdn.s3.us-west-2.amazonaws.com/_entities/communities/068db5a734257852fe94b049d8aa502e.jpg,Assisted Living Home,
Aaa Jerusalem Stars,"5945 Capistrano Avenue, Los Angeles, Ca 91367",Los Angeles,CA,https://app.seniorplace.com/communities/show/11b6f0c3-6aa3-40b1-afdb-2782b752c055,https://placement-crm-cdn.s3.us-west-2.amazonaws.com/_entities/communities/6fec63b2914977c33ca40a303d951d85.jpg,Assisted Living Home,
Aaa Kindness Care Ii,"3811 Dominion Road, Santa Maria, Ca 93454",Santa Maria,CA,https://app.seniorplace.com/communities/show/987c46d8-1bdd-4a16-ac18-1d1d8a288fd1,https://placement-crm-cdn.s3.us-west-2.amazonaws.com/_entities/communities/b6db01e2d3fc6186c756b264b936e6a2.jpg,Assisted Living Community,
Aaa Laguna Hills Assistance Care Home,"25651 Califia Drive, Laguna Hills, Ca 92653",Laguna Hills,CA,https://app.seniorplace.com/communities/show/31daa2cb-53df-4b0e-9386-80c7b8952d3a,https://placement-crm-cdn.s3.us-west-2.amazonaws.com/_entities/communities/1b2d2965a4e76f2e121cf8d3c92b38de.jpg,Assisted Living Home,
Aaa Quality Residential Care Facility,"7843 Stansbury Avenue, Los Angeles, Ca 91402",Los Angeles,CA,https://app.seniorplace.com/communities/show/6f3fd9cf-e93d-4824-af98-b88880a88daa,https://placement-crm-cdn.s3.us-west-2.amazonaws.com/_entities/communities/970c487203a9dc3cb02b3079c616efa7.jpg,Assisted Living Home,
Aaa Residential Elderly Retreat,"4313 Monitor Street, Bakersfield, Ca 93307",Bakersfield,CA,https://app.seniorplace.com/communities/show/39fdccd3-a83c-4cea-a79f-6b021e0353db,https://placement-crm-cdn.s3.us-west-2.amazonaws.com/_entities/communities/bfc03c0acebc41147863da9700d961eb.jpg,Assisted Living Home,
Aaa Residential Elderly Retreat 2,"1013 White Lane, Bakersfield, Ca 93307",Bakersfield,CA,https://app.seniorplace.com/communities/show/595fb181-4bd6-4caf-a3f2-5010a65010a7,https://placement-crm-cdn.s3.us-west-2.amazonaws.com/_entities/communities/885e86a608f2b0b036d72a8385c78615.jpg,Assisted Living Home,
Aaa Residential Elderly Retreat 3,"4825 Kenny Street, Bakersfield, Ca 93307",Bakersfield,CA,https://app.seniorplace.com/communities/show/ef08fa0b-888f-41fb-857d-2323a8ca6e83,https://placement-crm-cdn.s3.us-west-2.amazonaws.com/_entities/communities/4682b51191fd137a9ba61ab09f316a28.jpg,Assisted Living Home,
Aaa Residential Elderly Retreat 4,"10615 Polo Glen Drive, Bakersfield, Ca 93312",Bakersfield,CA,https://app.seniorplace.com/communities/show/c9b036e3-9d60-4133-af83-187acfa55d20,https://placement-crm-cdn.s3.us-west-2.amazonaws.com/_entities/communities/d911ba66db47c7fa2a20e9ad793debbe.jpg,Assisted Living Home,
Aaa Royal Senior Living Facility,"6214 Beckford Avenue, Los Angeles, Ca 91335",Los Angeles,CA,https://app.seniorplace.com/communities/show/6db460a5-266f-46da-8604-a2494caae8b6,https://placement-crm-cdn.s3.us-west-2.amazonaws.com/_entities/communities/73c71a92dacb6228def3859feed41da5.jpg,Assisted Living Home,
Aaa Senior Care,"1998 Clark Tunnel Road, Penryn, Ca 95663",Penryn,CA,https://app.seniorplace.com/communities/show/ac778327-111c-47c8-afed-6688b3fe1631,https://placement-crm-cdn.s3.us-west-2.amazonaws.com/_entities/communities/1b814e1d9e48cf9f722f16ddc5c678c2.jpg,Assisted Living Home,
Aaas Elderly Care,"3960 Woburn Court, Palmdale, Ca 93551",Palmdale,CA,https://app.seniorplace.com/communities/show/d94695f7-5e42-40b2-8f79-11f0da1ac4db,https://placement-crm-cdn.s3.us-west-2.amazonaws.com/_entities/communities/5bc623b30e9e7a3ae021be895811c0e6.jpg,Assisted Living Home,
Aaas Guest Home,"4135 Debbyann Place, San Diego, Ca 92154",San Diego,CA,https://app.seniorplace.com/communities/show/7cbaf73f-0fc1-41fa-b64e-215898c304a2,https://placement-crm-cdn.s3.us-west-2.amazonaws.com/_entities/communities/f88fdf89756f41b5402a6fbec3eef2e3.jpg,Assisted Living Home,
Aar Quality Senior Living,"2247 Lohse Lane, Lincoln, Ca 95648",Lincoln,CA,https://app.seniorplace.com/communities/show/a8937c44-be38-4741-a451-f82e7cf80b9f,https://placement-crm-cdn.s3.us-west-2.amazonaws.com/_entities/communities/92f229f7d3352ddd65e40298bde7ef53.jpg,Assisted Living Home,
Aarons Advance Care Home,"122 Los Altos Avenue, Walnut Creek, Ca 94598",Walnut Creek,CA,https://app.seniorplace.com/communities/show/08882e71-92bc-4063-b14c-d54128659991,https://placement-crm-cdn.s3.us-west-2.amazonaws.com/_entities/communities/3a79ee1daab8b134cb0383a133ba8d41.jpg,Assisted Living Home,
Absolute Care,"24651 Palace Court, Laguna Niguel, Ca 92677",Laguna Niguel,CA,https://app.seniorplace.com/communities/show/0185e45f-8dbb-4043-9f02-80e290faca83,https://placement-crm-cdn.s3.us-west-2.amazonaws.com/_entities/communities/9a5a2655fb72f1f5c0d71bae3ae63b92.jpg,Assisted Living Home,
Absolute Care For Life,"1700 Marlesta Road, Pinole, Ca 94564",Pinole,CA,https://app.seniorplace.com/communities/show/8a2e5594-e917-48af-afff-de3c734aa821,https://placement-crm-cdn.s3.us-west-2.amazonaws.com/_entities/communities/bfb258888d85f085623e0c5e6782c562.jpg,Assisted Living Home,
Absolute Care Home,"1601 Kipling Court, Oxnard, Ca 93033",Oxnard,CA,https://app.seniorplace.com/communities/show/7434de68-d01a-4952-a86c-feabe3f974bc,https://placement-crm-cdn.s3.us-west-2.amazonaws.com/_entities/communities/ee7db931bdd453c32d8c779b8e0ac4fe.jpg,Assisted Living Home,
Absolute Comfort Senior Living,"465 South Avenue, Sacramento, Ca 95838",Sacramento,CA,https://app.seniorplace.com/communities/show/84582245-dcc3-43c8-b88a-a642809b8160,https://placement-crm-cdn.s3.us-west-2.amazonaws.com/_entities/communities/25f42dfba426f1b450da6a676ebbef9a.jpg,Assisted Living Home,
Absolute Desert Care I,"73137 Somera Road, Palm Desert, Ca 92260",Palm Desert,CA,https://app.seniorplace.com/communities/show/f2a87b71-0c75-42ed-8d41-a27cf64cba8e,https://placement-crm-cdn.s3.us-west-2.amazonaws.com/_entities/communities/4eea7d1868faa33124af87846ea88277.jpg,Assisted Living Home,
Absolute Elderly Care,"13432 Winthrope Street, Santa Ana, Ca 92705",Santa Ana,CA,https://app.seniorplace.com/communities/show/5e2e6f25-e687-4cba-a8d5-7e8efdd39325,https://placement-crm-cdn.s3.us-west-2.amazonaws.com/_entities/communities/b4bbf274c8dcc21a0aad290be597e009.jpg,Assisted Living Home,
Absolute Gentle Care,"5500 Sunset Oak Court, Sacramento, Ca 95842",Sacramento,CA,https://app.seniorplace.com/communities/show/bec3238d-7bc6-44e2-a3a9-1c452405c7cc,https://placement-crm-cdn.s3.us-west-2.amazonaws.com/_entities/communities/eeeb6b364acd13968a8b796736c27816.jpg,Assisted Living Home,
Absolute Managed Care,"1507 West 47Th Street, Los Angeles, Ca 90062",Los Angeles,CA,https://app.seniorplace.com/communities/show/a3efe765-8824-46c3-ae42-57e8ecd0e3ae,https://placement-crm-cdn.s3.us-west-2.amazonaws.com/_entities/communities/910d6ba8c768fc32f9e56df2d67320be.jpg,Assisted Living Home,
Absolute Managed Care Ii,"2033 West Imperial Highway, Los Angeles, Ca 90047",Los Angeles,CA,https://app.seniorplace.com/communities/show/83d44bd5-094a-485b-8f7d-bf0da793bc77,https://placement-crm-cdn.s3.us-west-2.amazonaws.com/_entities/communities/8c3cfeb5546f8d4ad739ee2d87293f95.jpg,Assisted Living Home,
Absolute Managed Care Iii,"4533 South Wilton Place, Los Angeles, Ca 90062",Los Angeles,CA,https://app.seniorplace.com/communities/show/ea7e14ad-cee3-456d-a2ed-727e779e1f1d,https://placement-crm-cdn.s3.us-west-2.amazonaws.com/_entities/communities/5c37c0e16dd7a5b97904e463f37f4f1a.jpg,Assisted Living Home,
Absolute Quality Care Home,"10731 Coloma Street, Loma Linda, Ca 92354",Loma Linda,CA,https://app.seniorplace.com/communities/show/ead8dd87-2018-4824-b665-415fdcca0d39,https://placement-crm-cdn.s3.us-west-2.amazonaws.com/_entities/communities/7795b2a39e44482cd77a7ec49c4c5990.jpg,Assisted Living Home,
Abuelos Villa,"192 H Street, Chula Vista, Ca 91910",Chula Vista,CA,https://app.seniorplace.com/communities/show/148f2a7f-a090-4e59-a785-d47d1f10ec38,https://placement-crm-cdn.s3.us-west-2.amazonaws.com/_entities/communities/898c37c6c35aa69dae15a4a9f7d3459c.jpg,Assisted Living Home,
Abundant Care,"5506 Somerset Drive, Goleta, Ca 93111",Goleta,CA,https://app.seniorplace.com/communities/show/5fd6458f-d167-47ed-916e-949a586e19e6,https://placement-crm-cdn.s3.us-west-2.amazonaws.com/_entities/communities/c27434618363eb2c7dd838591c01cad1.jpg,Assisted Living Home,
Abundant Care Home,"20218 Tillman Avenue, Carson, Ca 90746",Carson,CA,https://app.seniorplace.com/communities/show/fc58e7c9-f24b-4b0a-bf82-c9404f05bd6c,https://placement-crm-cdn.s3.us-west-2.amazonaws.com/_entities/communities/79fe3c3d59550124a59313b45f26a5b8.jpg,Assisted Living Home,
Abundant Care Ii,"698 Zink Avenue, Santa Barbara, Ca 93111",Santa Barbara,CA,https://app.seniorplace.com/communities/show/31707ca9-f2cf-416d-9276-3ee23d4e87f3,https://placement-crm-cdn.s3.us-west-2.amazonaws.com/_entities/communities/96367015600b19942bf36b80592e5668.jpg,Assisted Living Home,
Alta Loma Board And Care,"6368 Moonstone Avenue, Rancho Cucamonga, Ca 91701",Rancho Cucamonga,CA,https://app.seniorplace.com/communities/show/13fd3e15-651c-44ae-aaec-042538814966,https://placement-crm-cdn.s3.us-west-2.amazonaws.com/_entities/communities/f4ea408adc5bc26dc514b53cb241d90c.jpg,Assisted Living Home,
Alta Loma Gardens Residential Care 1,"6896 Hellman Avenue, Rancho Cucamonga, Ca 91701",Rancho Cucamonga,CA,https://app.seniorplace.com/communities/show/65d337b6-462f-44f6-9fa8-15abc66ebcaf,,Assisted Living Home,
Alta Loma Gardens Residential Care 2,"1667 Woodbend Drive, Claremont, Ca 91711",Claremont,CA,https://app.seniorplace.com/communities/show/34593e00-40f6-4f8a-b4a2-03d467525610,https://placement-crm-cdn.s3.us-west-2.amazonaws.com/_entities/communities/4b0c4949407b42e8d9af340be863eb66.jpg,Assisted Living Home,
Alta View Manor,"1727 Tobacco Road, Escondido, Ca 92026",Escondido,CA,https://app.seniorplace.com/communities/show/c71ba48c-d245-4d1b-acaa-f419c84a9fe6,https://placement-crm-cdn.s3.us-west-2.amazonaws.com/_entities/communities/07bd57961ce3ce7cc389fd748d7c89e0.jpg,Assisted Living Home,
Alta Vista Care Home,"5349 North Oakbank Drive, Covina, Ca 91722",Covina,CA,https://app.seniorplace.com/communities/show/3e199acf-6877-4cdb-b2bb-640b6f131788,https://placement-crm-cdn.s3.us-west-2.amazonaws.com/_entities/communities/83e3fbd3a9a9bb16963ebb26de4c7be1.jpg,Assisted Living Home,
Alta Vista Gardens,"829 North Alta Vista Boulevard, Los Angeles, Ca 90046",Los Angeles,CA,https://app.seniorplace.com/communities/show/de1ab796-7c88-496a-8d4f-3090889d3ab9,https://placement-crm-cdn.s3.us-west-2.amazonaws.com/_entities/communities/a1ef6e876cde88b4b40ec7e578700196.jpg,Assisted Living Community,
Alta Vista Home,"1975 Alta Vista Drive, Vista, Ca 92084",Vista,CA,https://app.seniorplace.com/communities/show/c32b53e4-f109-410a-80ed-0c320e6d8221,https://placement-crm-cdn.s3.us-west-2.amazonaws.com/_entities/communities/71fbd0c6a8cbf218c6941e264819c097.jpg,Assisted Living Home,
Alta Vista Manor,"625 Marazon Lane, Vista, Ca 92081",Vista,CA,https://app.seniorplace.com/communities/show/406def7b-2307-4881-b478-f5ecec2f8c6b,https://placement-crm-cdn.s3.us-west-2.amazonaws.com/_entities/communities/ea7152a0c92484c603a47c5f9ce03b29.jpg,Assisted Living Community,
Alta Vista Rcfe Ii,"1204 North Louise Street, Glendale, Ca 91207",Glendale,CA,https://app.seniorplace.com/communities/show/a1eb9f45-4942-4632-965d-76f0b617d5e3,https://placement-crm-cdn.s3.us-west-2.amazonaws.com/_entities/communities/0a24d9e17012b16721132b7a1a3a8dd3.jpg,Assisted Living Home,
Alta Vista Senior Living,"2041 West Vista Way, Vista, Ca 92083",Vista,CA,https://app.seniorplace.com/communities/show/069d744b-f73e-44aa-b0f2-6c43a6107918,https://placement-crm-cdn.s3.us-west-2.amazonaws.com/_entities/communities/5ae5e6176147ec3d86462b85e55ea08a.jpg,Assisted Living Community,
Alta Vista Simi 2,"2942 Rosette Street, Simi Valley, Ca 93065",Simi Valley,CA,https://app.seniorplace.com/communities/show/36fbb990-ba3c-4902-ae6b-785f59467fee,https://placement-crm-cdn.s3.us-west-2.amazonaws.com/_entities/communities/1c59151396b055c07cc3e378ccd943d8.jpg,Assisted Living Home,
Alta Vista Simi,"2624 Rudolph Drive, Simi Valley, Ca 93065",Simi Valley,CA,https://app.seniorplace.com/communities/show/db461720-8b9d-4ccd-a8ee-9832e114903f,https://placement-crm-cdn.s3.us-west-2.amazonaws.com/_entities/communities/bb765b4114d900b7aed9e52c32e66c7c.jpg,Assisted Living Home,
Altapas Care Center,"2011 Summit Avenue, Pasadena, Ca 91103",Pasadena,CA,https://app.seniorplace.com/communities/show/d3ea1d74-da9a-448c-8b9a-f3b7c18b6579,https://placement-crm-cdn.s3.us-west-2.amazonaws.com/_entities/communities/ac70250a7e6cbde5c1a5bac5fb25779d.jpg,Assisted Living Home,
Althaia Home,"7122 Mount Vernon Street, Lemon Grove, Ca 91945",Lemon Grove,CA,https://app.seniorplace.com/communities/show/bd46a7b3-6087-4718-8e87-25cc292afbad,https://placement-crm-cdn.s3.us-west-2.amazonaws.com/_entities/communities/492d29ba3c12722fbf20f479910e6e3d.jpg,Assisted Living Home,
Altius Ii Adult Residential,"3745 West 157Th Street, Lawndale, Ca 90260",Lawndale,CA,https://app.seniorplace.com/communities/show/2250c647-f286-4c2a-b744-bda25666a61d,https://placement-crm-cdn.s3.us-west-2.amazonaws.com/_entities/communities/f7a40b4cea5e099697deb84c990baa00.jpg,Assisted Living Home,
Alvarado Adult Home,"1071 East Alvarado Street, Pomona, Ca 91767",Pomona,CA,https://app.seniorplace.com/communities/show/5685a9f5-6e2f-4bd7-b1f2-827ee00b46c9,https://placement-crm-cdn.s3.us-west-2.amazonaws.com/_entities/communities/9f36b4f9e3b58a9da20f3fdd4e1357f8.jpg,Assisted Living Home,
Alvarado Care Home,"1217 South Alvarado Street, Los Angeles, Ca 90006",Los Angeles,CA,https://app.seniorplace.com/communities/show/54210859-661b-4ce5-99f4-0269b8ddcdf3,https://placement-crm-cdn.s3.us-west-2.amazonaws.com/_entities/communities/0e3fa6b18a51398f45cb65b02d28f1a1.jpg,Assisted Living Home,
American Care Home,"1240 El Camino Real, Atascadero, Ca 93422",Atascadero,CA,https://app.seniorplace.com/communities/show/1443e830-b3ba-4910-92df-1feda432c27c,https://placement-crm-cdn.s3.us-west-2.amazonaws.com/_entities/communities/7918ed46d84d36c3d1b638f44f7248c8.jpg,Assisted Living Home,
Aptos Country Home,"8 Mountain View Road, Watsonville, Ca 95076",Watsonville,CA,https://app.seniorplace.com/communities/show/214de208-6021-4e60-8875-12f0eb3f58bc,https://placement-crm-cdn.s3.us-west-2.amazonaws.com/_entities/communities/4bc84be73474fa443bb1c144bccd29cd.jpg,Assisted Living Home,
Aptos Hills Ranch,"133 Browns Valley Road, Watsonville, Ca 95076",Watsonville,CA,https://app.seniorplace.com/communities/show/0202ccd3-cc88-45e2-a7bf-7d962263ab99,https://placement-crm-cdn.s3.us-west-2.amazonaws.com/_entities/communities/2fdc5de7858a78ebca9bcb84e72fcbda.jpg,Assisted Living Home,
Aqua Bella Residential Care,"14736 Willow Grove Place, Moreno Valley, Ca 92555",Moreno Valley,CA,https://app.seniorplace.com/communities/show/906a0477-2375-4831-9baa-c1039f45edd5,https://placement-crm-cdn.s3.us-west-2.amazonaws.com/_entities/communities/ce964a75e9ae4dda1eea2b9aae3812de.jpg,Assisted Living Home,
Aquamarine Retirement Home,"6523 Avenue L7, Lancaster, Ca 93536",Lancaster,CA,https://app.seniorplace.com/communities/show/e212dbd3-61f7-4a10-a260-fa1d484f0f14,https://placement-crm-cdn.s3.us-west-2.amazonaws.com/_entities/communities/5edf59db377221b56b37d55e42013ef1.jpg,Assisted Living Home,
Aquarius Home,"1765 Aquarius Street, Long Beach, Ca 90810",Long Beach,CA,https://app.seniorplace.com/communities/show/b9193ae0-8beb-4576-834e-48f1ed5a964a,https://placement-crm-cdn.s3.us-west-2.amazonaws.com/_entities/communities/afd2ca63eed32313f0403a34025cdae1.jpg,Assisted Living Home,
Aquinos Care Home,"2481 Ramona Street, Pinole, Ca 94564",Pinole,CA,https://app.seniorplace.com/communities/show/77cb01d1-edd1-4d4b-a250-f4d721129d82,https://placement-crm-cdn.s3.us-west-2.amazonaws.com/_entities/communities/7d6fa1e7cd1584b465b29b51585c9bd9.jpg,Assisted Living Home,
Aquinos Quality Homecare,"598 Ivy Court, Chula Vista, Ca 91911",Chula Vista,CA,https://app.seniorplace.com/communities/show/8aa52ecf-20ac-4670-a7e9-bf73cb9f6c83,https://placement-crm-cdn.s3.us-west-2.amazonaws.com/_entities/communities/c402defb2614c0c938f2902807a191ab.jpg,Assisted Living Home,
Aquinos Quality Homecare No 2,"1839 Ithaca Street, Chula Vista, Ca 91913",Chula Vista,CA,https://app.seniorplace.com/communities/show/eb6a719b-350c-491f-9fa2-1b7cd147920a,https://placement-crm-cdn.s3.us-west-2.amazonaws.com/_entities/communities/b67ccd6c53ad61ec95431a73675811d2.jpg,Assisted Living Home,
Arabella Care Villa,"1923 West Chateau Avenue, Anaheim, Ca 92804",Anaheim,CA,https://app.seniorplace.com/communities/show/909c0a6d-eb49-490f-b8a3-1adec1668f85,https://placement-crm-cdn.s3.us-west-2.amazonaws.com/_entities/communities/ec8ed3b3ffd32b0b405a3cb388c96c4c.jpg,Assisted Living Home,
Aragon Manor,"33785 Tamerron Way, Wildomar, Ca 92595",Wildomar,CA,https://app.seniorplace.com/communities/show/20f521dd-9642-4a01-a9ad-9b40496e4ebe,https://placement-crm-cdn.s3.us-west-2.amazonaws.com/_entities/communities/4533b377a217940654bd65e9407c6c8f.jpg,Assisted Living Home,
Ararat Board And Care,"6614 Teesdale Avenue, Los Angeles, Ca 91606",Los Angeles,CA,https://app.seniorplace.com/communities/show/8b832c01-d18d-4f8d-85d6-a8b8dc567c8c,https://placement-crm-cdn.s3.us-west-2.amazonaws.com/_entities/communities/65a596ab6438c0d757f332a6f53b6368.jpg,Assisted Living Home,
Ararat Gardens,"1230 East Windsor Road, Glendale, Ca 91205",Glendale,CA,https://app.seniorplace.com/communities/show/073d2fa7-3631-4c83-855c-57ff47c9e4cb,https://placement-crm-cdn.s3.us-west-2.amazonaws.com/_entities/communities/6694f2d162cdda1c7e084817e78558a6.jpg,Assisted Living Community,
Ararat Home Of Los Angeles,"15105 Mission Hills Road, Los Angeles, Ca 91345",Los Angeles,CA,https://app.seniorplace.com/communities/show/34a14958-eaf3-4c16-98dd-52814a37c7ca,https://placement-crm-cdn.s3.us-west-2.amazonaws.com/_entities/communities/deed5d48ae0d7a808a178fa982ddc9bb.jpg,Assisted Living Community,
Ararat Nursing Facility,"15099 Mission Hills Road, Los Angeles, Ca 91345",Los Angeles,CA,https://app.seniorplace.com/communities/show/75ae3d8d-db65-49df-8cda-26c95812e41f,https://placement-crm-cdn.s3.us-west-2.amazonaws.com/_entities/communities/21692a3fec7571392680e985a9676416.jpg,Assisted Living Community,
Araville Residential Care Home Ii,"1136 Vermont Way, San Bruno, Ca 94066",San Bruno,CA,https://app.seniorplace.com/communities/show/e5685f0c-586a-410c-a16b-3630055241c9,https://placement-crm-cdn.s3.us-west-2.amazonaws.com/_entities/communities/e2ce415a67004431bbad998eb50e0e77.jpg,Assisted Living Home,
Araville Residential Care Home Iii,"106 Sycamore Avenue, South San Francisco, Ca 94080",South San Francisco,CA,https://app.seniorplace.com/communities/show/52b60906-b4d5-44be-a040-4db97ac2007a,https://placement-crm-cdn.s3.us-west-2.amazonaws.com/_entities/communities/c189640a56791076a725d15ce0875714.jpg,Assisted Living Home,
Arayata Elderly Care,"44849 Lotus Lane, Lancaster, Ca 93536",Lancaster,CA,https://app.seniorplace.com/communities/show/8868df15-92dd-494d-8557-6bd5c55ed583,https://placement-crm-cdn.s3.us-west-2.amazonaws.com/_entities/communities/012ec67b29ad0306b7e840b62570c09b.jpg,Assisted Living Home,
Attentive Manor Ii,"31221 El Toro Road, Cathedral City, Ca 92234",Cathedral City,CA,https://app.seniorplace.com/communities/show/35fa1ff2-4af7-4d74-bb9e-3578ca41aa83,https://placement-crm-cdn.s3.us-west-2.amazonaws.com/_entities/communities/498feb4f992062ca57dafbdf0575672d.jpg,Assisted Living Home,
Attentive Senior Care Ii,"6149 East Lowe Avenue, Fresno, Ca 93727",Fresno,CA,https://app.seniorplace.com/communities/show/6a18d1ef-88db-4151-a6f3-3dd5f79996ee,https://placement-crm-cdn.s3.us-west-2.amazonaws.com/_entities/communities/ef0c6e9f80f1fd8b0cb89dfda98de1c0.jpg,Assisted Living Home,
Attentive Senior Care Iii,"85 West Athens Avenue, Clovis, Ca 93611",Clovis,CA,https://app.seniorplace.com/communities/show/082b9bd6-2d3d-4c4e-8398-272c67a6f0c8,https://placement-crm-cdn.s3.us-west-2.amazonaws.com/_entities/communities/d04e26cf93379e1b01e1da1537a9125b.jpg,Assisted Living Home,
Attentive Senior Care Iv,"1829 South Fairway Avenue, Fresno, Ca 93727",Fresno,CA,https://app.seniorplace.com/communities/show/811b5c8b-5375-48e8-beeb-10ba5272379f,https://placement-crm-cdn.s3.us-west-2.amazonaws.com/_entities/communities/b7efa4993df5237365cb6060ba93b70d.jpg,Assisted Living Home,
Attentive Senior Care,"36 East Tuolumne Street, Fresno, Ca 93706",Fresno,CA,https://app.seniorplace.com/communities/show/761dae61-1ca4-4d26-a4b4-8144ae21fc19,https://placement-crm-cdn.s3.us-west-2.amazonaws.com/_entities/communities/6e0d76a87e01a2b1658a3f6fa5df2a0f.jpg,Assisted Living Home,
Atterdag Village Of Solvang,"636 Atterdag Road, Solvang, Ca 93463",Solvang,CA,https://app.seniorplace.com/communities/show/11df8be0-5bfb-4cfe-a02b-49be76293c79,,Assisted Living Community,
Atwater Residential Care Facility,"1691 Joe Silva Avenue, Atwater, Ca 95301",Atwater,CA,https://app.seniorplace.com/communities/show/abdd7c06-621e-4aa0-9864-49c5eec20450,https://placement-crm-cdn.s3.us-west-2.amazonaws.com/_entities/communities/3473804690a8fb399f044a657ef25f79.jpg,Assisted Living Home,
Atwater Village South,"3454 Perlita Avenue, Los Angeles, Ca 90039",Los Angeles,CA,https://app.seniorplace.com/communities/show/7b170ad2-6d3a-4c87-bcda-3d07742a2ea9,https://placement-crm-cdn.s3.us-west-2.amazonaws.com/_entities/communities/e6969d9869d62b8cba9d2ee2319bd13e.jpg,Assisted Living Home,
Aubreys Villas,"68640 Senora Road, Cathedral City, Ca 92234",Cathedral City,CA,https://app.seniorplace.com/communities/show/f6f58d3c-9ffa-48f4-989a-1cc00dab2896,https://placement-crm-cdn.s3.us-west-2.amazonaws.com/_entities/communities/a231518b6fef697c98482cefa901ec3e.jpg,Assisted Living Home,
Auburn Creekside Villa,"695 Dairy Road, Auburn, Ca 95603",Auburn,CA,https://app.seniorplace.com/communities/show/65044e52-9eda-4e46-b988-0800c68c72e0,https://placement-crm-cdn.s3.us-west-2.amazonaws.com/_entities/communities/d288015ed4e3efaa4de8ecf9f9e567e3.jpg,Assisted Living Community,
Auburn Ravine Terrace Assisted Living,"750 Auburn Ravine Road, Auburn, Ca 95603",Auburn,CA,https://app.seniorplace.com/communities/show/767f183a-efba-4535-920d-8cf3b039addc,https://placement-crm-cdn.s3.us-west-2.amazonaws.com/_entities/communities/ef2a67fa277b6737d803030d63c4ea64.jpg,Assisted Living Community,
Auburn Valley Adult Care,"9865 Hubbard Road, Auburn, Ca 95602",Auburn,CA,https://app.seniorplace.com/communities/show/c53290e2-809a-4ab2-abe1-26436bf0c10c,,Assisted Living Home,
Auburn Valley Senior Living,"3800 Loray Lane, Auburn, Ca 95602",Auburn,CA,https://app.seniorplace.com/communities/show/94af77e8-9eda-452e-b550-3ccc8966bf65,,Assisted Living Home,
Augdon Senior Care Home,"2610 South Dollner Street, Visalia, Ca 93277",Visalia,CA,https://app.seniorplace.com/communities/show/5278cc06-5cc5-445d-9a56-105e601b642f,https://placement-crm-cdn.s3.us-west-2.amazonaws.com/_entities/communities/941c7020c30ea77ecac534d8baebeaa9.jpg,Assisted Living Home,
Augdon Senior Care Home 2,"134 Colorado Avenue, Tulare, Ca 93274",Tulare,CA,https://app.seniorplace.com/communities/show/60909314-42e4-4b02-a8ad-3d9b0a9ac004,https://placement-crm-cdn.s3.us-west-2.amazonaws.com/_entities/communities/72c7248454aff89fdb7fcd8eb0411b4b.jpg,Assisted Living Home,
Augdon Senior Care Home 3,"216 Albert Avenue, Exeter, Ca 93221",Exeter,CA,https://app.seniorplace.com/communities/show/6f09a8a3-9016-485e-a3e7-01588d867e99,https://placement-crm-cdn.s3.us-west-2.amazonaws.com/_entities/communities/9d37cde86aad3fcb709464c9a31e414d.jpg,Assisted Living Home,
Augustin Gardens,"24361 Augustin Street, Mission Viejo, Ca 92691",Mission Viejo,CA,https://app.seniorplace.com/communities/show/d0106c26-9ead-4c69-9957-01257bed8737,https://placement-crm-cdn.s3.us-west-2.amazonaws.com/_entities/communities/52e183828d27fa1aeefe40fbd90c607f.jpg,Assisted Living Home,
Augustine Family Elder Care,"544 Saint John Place, Inglewood, Ca 90301",Inglewood,CA,https://app.seniorplace.com/communities/show/7f39aea0-39f7-4b8e-b48f-e6f36b507abf,https://placement-crm-cdn.s3.us-west-2.amazonaws.com/_entities/communities/83be563ada7d21c9c8ebaedaaf1b3e85.jpg,Assisted Living Home,
Ballard Adult Supportive Living Home,"1226 West Roderick Avenue, Oxnard, Ca 93030",Oxnard,CA,https://app.seniorplace.com/communities/show/0402e325-5239-4356-b927-315beff1ba46,https://placement-crm-cdn.s3.us-west-2.amazonaws.com/_entities/communities/0c6144c78bc750768343859391f6bf50.jpg,Assisted Living Home,
Ballard Family Home,"1611 Brookside Avenue, Oxnard, Ca 93035",Oxnard,CA,https://app.seniorplace.com/communities/show/ffa3d7bd-0938-4ef5-b56d-c833714a13ea,https://placement-crm-cdn.s3.us-west-2.amazonaws.com/_entities/communities/9cec7fc2b22646e711ca9870cb9de648.jpg,Assisted Living Home,
Ballard Home,"142 West Mendocino Street, Altadena, Ca 91001",Altadena,CA,https://app.seniorplace.com/communities/show/6b4f7f3f-49b2-4701-be2c-fdc7294a9b22,https://placement-crm-cdn.s3.us-west-2.amazonaws.com/_entities/communities/b94e62c3cbbb1fe61798a9d910a9941f.jpg,Assisted Living Home,
Ballard Home,"3231 Grandeur Avenue, Altadena, Ca 91001",Altadena,CA,https://app.seniorplace.com/communities/show/054a1751-0fd0-4aff-9a84-f39d194b067a,https://placement-crm-cdn.s3.us-west-2.amazonaws.com/_entities/communities/670e61a3b14a51a6a515cdc2119524df.jpg,Assisted Living Home,
Ballard Home 2,"2642 Vista Laguna Terrace, Pasadena, Ca 91103",Pasadena,CA,https://app.seniorplace.com/communities/show/df1a646c-5685-4832-8140-4f679eaf5615,https://placement-crm-cdn.s3.us-west-2.amazonaws.com/_entities/communities/ef6ab59be79de3a6634af02c95e3a12f.jpg,Assisted Living Home,
Ballard Home 4,"21 North Mountain Trail, Sierra Madre, Ca 91024",Sierra Madre,CA,https://app.seniorplace.com/communities/show/8abaf95f-2f74-4563-8829-f8540e09b7d1,https://placement-crm-cdn.s3.us-west-2.amazonaws.com/_entities/communities/a55dedc866928a918031ce10b1e79b10.jpg,Assisted Living Home,
Ballard Home 4,"62 West Harriet Street, Altadena, Ca 91001",Altadena,CA,https://app.seniorplace.com/communities/show/0fb1878c-1e68-4205-b53a-d11be0c02dfc,https://placement-crm-cdn.s3.us-west-2.amazonaws.com/_entities/communities/e821485689caccbadca4fe4e02231bab.jpg,Assisted Living Home,
Ballentine Residential Care,"40154 Tennyson Road, Murrieta, Ca 92563",Murrieta,CA,https://app.seniorplace.com/communities/show/f655f9f2-4bd7-4a35-a6f7-9b1aa7a15980,https://placement-crm-cdn.s3.us-west-2.amazonaws.com/_entities/communities/4b331fb156c124ae89df57e279475eff.jpg,Assisted Living Home,
Balmanias Care Home,"8980 Neponset Drive, Elk Grove, Ca 95624",Elk Grove,CA,https://app.seniorplace.com/communities/show/b3be6f76-19e3-4711-919c-7008dc1d8c7d,https://placement-crm-cdn.s3.us-west-2.amazonaws.com/_entities/communities/d99627d31e18892b8342acb00992ea5e.jpg,Assisted Living Home,
Baltic Sea Manor,"311 Baltic Sea Court, Pittsburg, Ca 94565",Pittsburg,CA,https://app.seniorplace.com/communities/show/d333d6d8-0264-4e80-bd54-c0e4824c45f1,https://placement-crm-cdn.s3.us-west-2.amazonaws.com/_entities/communities/f199d16cbb07dcf1bd23648b7cc70a91.jpg,Assisted Living Home,
Baltic Sea Manor Ii,"2237 Lynbrook Drive, Pittsburg, Ca 94565",Pittsburg,CA,https://app.seniorplace.com/communities/show/21dd4622-6c9d-45f8-b7f9-15ee6552dd6f,https://placement-crm-cdn.s3.us-west-2.amazonaws.com/_entities/communities/e3756d24060d38f6bf3e36a9adb3c363.jpg,Assisted Living Home,
Banbury House,"215 West Banbury Drive, Stockton, Ca 95207",Stockton,CA,https://app.seniorplace.com/communities/show/24125dc3-ad3c-4074-babd-f13c7dd94883,https://placement-crm-cdn.s3.us-west-2.amazonaws.com/_entities/communities/58bdc13f4c1deaa7afb322cb3f65642c.jpg,Assisted Living Home,
Bancis Guest Home,"5120 Saint Clare Circle, Salida, Ca 95368",Salida,CA,https://app.seniorplace.com/communities/show/a90ec0a9-7002-41be-8b5d-bad8d1368637,https://placement-crm-cdn.s3.us-west-2.amazonaws.com/_entities/communities/0276d8cd72e82c4582ac4d8e1efb5a3d.jpg,Assisted Living Home,
Bancroft House,"1595 Bancroft Way, Pasadena, Ca 91103",Pasadena,CA,https://app.seniorplace.com/communities/show/06bc78f9-3a04-4a93-a415-985ff457b118,https://placement-crm-cdn.s3.us-west-2.amazonaws.com/_entities/communities/310e33f9b2dc1742f6300519656cae7c.jpg,Assisted Living Home,
Bancroft Villa,"913 Bancroft Road, Walnut Creek, Ca 94598",Walnut Creek,CA,https://app.seniorplace.com/communities/show/1f1f211c-b07b-4a52-b087-f442340d262b,https://placement-crm-cdn.s3.us-west-2.amazonaws.com/_entities/communities/2e943c3e5723403c55577c46d1edbf41.jpg,Assisted Living Home,
Bandola Residential Care,"4096 Via De La Bandola, San Diego, Ca 92173",San Diego,CA,https://app.seniorplace.com/communities/show/5f582361-6332-4a48-8ee9-89298d8c11e2,https://placement-crm-cdn.s3.us-west-2.amazonaws.com/_entities/communities/7cf1f26cfb8f87158a3efe8c6a8ba2d5.jpg,Assisted Living Home,
Banff Family Home,"1311 West 218Th Street, Torrance, Ca 90501",Torrance,CA,https://app.seniorplace.com/communities/show/23715528-4476-4b95-a95b-f354522125b7,https://placement-crm-cdn.s3.us-west-2.amazonaws.com/_entities/communities/4389a4dd97a33167a87e8411b90331bb.jpg,Assisted Living Home,
Bells Family Home,"4511 Mattis Court, Oakland, Ca 94619",Oakland,CA,https://app.seniorplace.com/communities/show/d2ba6228-69de-4df8-b822-8204ab381a7a,https://placement-crm-cdn.s3.us-west-2.amazonaws.com/_entities/communities/a0972b6050426a72137c29caf5daf88a.jpg,Assisted Living Home,
Bella Cai Care Home,"29111 Oak Grove Way, Lake Elsinore, Ca 92530",Lake Elsinore,CA,https://app.seniorplace.com/communities/show/d9985a2e-44d6-4797-9afd-76db9ea472f7,https://placement-crm-cdn.s3.us-west-2.amazonaws.com/_entities/communities/36206f6796edde9653de45bfe0cabb8b.jpg,Assisted Living Home,
Bella Care Home,"491 Pierce Avenue, Clovis, Ca 93612",Clovis,CA,https://app.seniorplace.com/communities/show/07aad69e-0065-49ed-96cd-8c97998086f3,https://placement-crm-cdn.s3.us-west-2.amazonaws.com/_entities/communities/b265ddb3b8733096ec19174f9a816f9e.jpg,Assisted Living Home,
Bella Care Home,"508 Gateway Avenue, Clovis, Ca 93612",Clovis,CA,https://app.seniorplace.com/communities/show/f5440022-1d0f-4390-9f35-0623170a46f0,https://placement-crm-cdn.s3.us-west-2.amazonaws.com/_entities/communities/7687e65a9a65d69e77cb4e11f33907ae.jpg,Assisted Living Home,
Bella Care Home Llc French Villa,"67 West El Paso Avenue, Clovis, Ca 93611",Clovis,CA,https://app.seniorplace.com/communities/show/54a5e831-50db-4674-b74f-c14b0a3aa761,https://placement-crm-cdn.s3.us-west-2.amazonaws.com/_entities/communities/7eab69c19c76f001e6cfe47e92e0d1cc.jpg,Assisted Living Home,
Bella Care Home Llcfarmhouse,"Farmhouse Avenue, Clovis, Ca 93619",Clovis,CA,https://app.seniorplace.com/communities/show/be9e6291-5f5b-45d2-8c20-a291e1875dcb,https://placement-crm-cdn.s3.us-west-2.amazonaws.com/_entities/communities/8e8c01674a2439fb05908878d5092616.jpg,Assisted Living Home,
Bella Care Home Llckarens Cottage,"1767 North Karen Avenue, Clovis, Ca 93619",Clovis,CA,https://app.seniorplace.com/communities/show/d5863b01-66b7-402d-8915-ba2356bce23e,https://placement-crm-cdn.s3.us-west-2.amazonaws.com/_entities/communities/8e76b329f1a8100a614ace56cda685f5.jpg,Assisted Living Home,
Bella Care Home Llcmatus,"7947 North Matus Avenue, Fresno, Ca 93720",Fresno,CA,https://app.seniorplace.com/communities/show/efa332f4-6a6b-4025-9233-c96db0355648,https://placement-crm-cdn.s3.us-west-2.amazonaws.com/_entities/communities/8a8fd9c5e2594601cecd932a334243c8.jpg,Assisted Living Home,
Bella Casa 2,"77632 Barons Circle, Palm Desert, Ca 92211",Palm Desert,CA,https://app.seniorplace.com/communities/show/0bbeccc6-395b-4b47-ab58-99d629a182e6,https://placement-crm-cdn.s3.us-west-2.amazonaws.com/_entities/communities/5d1869f82b9cec570668f3ebcf767fa4.jpg,Assisted Living Home,
Bella Casa 3,"77583 Carinda Court, Palm Desert, Ca 92211",Palm Desert,CA,https://app.seniorplace.com/communities/show/6fd05b00-a937-481f-8718-9394ac09395a,,Assisted Living Home,
Bella Clare Home,"8411 San Carlos Way, Buena Park, Ca 90620",Buena Park,CA,https://app.seniorplace.com/communities/show/751f4d15-a2ce-4c0c-8744-6b57510d9de7,https://placement-crm-cdn.s3.us-west-2.amazonaws.com/_entities/communities/368f9cad6eb769e74d507c6f7ff1e350.jpg,Assisted Living Home,
Bella Clare Home 2,"6892 San Padre Circle, Buena Park, Ca 90620",Buena Park,CA,https://app.seniorplace.com/communities/show/2085acb9-5a12-4957-b805-5e84b5e1f56f,https://placement-crm-cdn.s3.us-west-2.amazonaws.com/_entities/communities/46bab8f75c28f2d74dc57e171584feb9.jpg,Assisted Living Home,
Bella Cortina Residential Care Facility,"28571 Yarow Way, Moreno Valley, Ca 92555",Moreno Valley,CA,https://app.seniorplace.com/communities/show/cac9e032-6968-49a4-b1de-2c01af72bd8a,https://placement-crm-cdn.s3.us-west-2.amazonaws.com/_entities/communities/8e0303e60de756dfa6662934c4504e50.jpg,Assisted Living Home,
Bella Garden Residential Senior Care,"22790 Van Buren Street, Grand Terrace, Ca 92313",Grand Terrace,CA,https://app.seniorplace.com/communities/show/81a5aa87-1783-4d16-81a6-c3ec630cda82,https://placement-crm-cdn.s3.us-west-2.amazonaws.com/_entities/communities/88419329cb78e61cd858fc2c5c82d605.jpg,Assisted Living Home,
Bella Gardens,"2218 Conquista Avenue, Long Beach, Ca 90815",Long Beach,CA,https://app.seniorplace.com/communities/show/e5a6e1f2-36f7-43d7-8cdd-4f9f323eac09,https://placement-crm-cdn.s3.us-west-2.amazonaws.com/_entities/communities/e1d435a2a8df0f0e5669a5edb806c838.jpg,Assisted Living Home,
Bella Hills Care Home,"8579 Traynor Way, Sacramento, Ca 95828",Sacramento,CA,https://app.seniorplace.com/communities/show/dc46856d-bdd4-4422-8580-02465c51aa77,https://placement-crm-cdn.s3.us-west-2.amazonaws.com/_entities/communities/1cac5a68189f84529c8e691aca7151c7.jpg,Assisted Living Home,
Bella Home,"403 North Ryan Terrace, Porterville, Ca 93257",Porterville,CA,https://app.seniorplace.com/communities/show/1e3fb199-db41-4c17-8992-57a5ff01c5c8,https://placement-crm-cdn.s3.us-west-2.amazonaws.com/_entities/communities/c012b4c95e6854079f8795717c283eaa.jpg,Assisted Living Home,
Bella Home Care,"11503 209Th Street, Lakewood, Ca 90715",Lakewood,CA,https://app.seniorplace.com/communities/show/aab39899-3da0-49bd-8682-e71a321c72ad,https://placement-crm-cdn.s3.us-west-2.amazonaws.com/_entities/communities/ebea5d5ac1d233ce30920cfaeb6f9308.jpg,Assisted Living Home,
Bella Home Care Services,"831 Irolo Street, Los Angeles, Ca 90005",Los Angeles,CA,https://app.seniorplace.com/communities/show/96c666bd-f94a-49a6-b6cd-d49d93090319,https://placement-crm-cdn.s3.us-west-2.amazonaws.com/_entities/communities/6861bbf5fad4953a6f83281ddbd8fc83.jpg,Assisted Living Home,
Bella Home Senior Care,"1968 West Monache Avenue, Porterville, Ca 93257",Porterville,CA,https://app.seniorplace.com/communities/show/e79931bc-bf60-46db-b0b7-3d8960eabbb7,https://placement-crm-cdn.s3.us-west-2.amazonaws.com/_entities/communities/36270e7cae8389e463ac00231c12a16f.jpg,Assisted Living Home,
Bella Juliettes Board Care,"2973 Lucia Jade Loop, San Diego, Ca 92139",San Diego,CA,https://app.seniorplace.com/communities/show/5cdd7a29-5c12-4d59-962a-217bf73c2944,https://placement-crm-cdn.s3.us-west-2.amazonaws.com/_entities/communities/e0215f2ab62e96f23aef6a27f3f314e1.jpg,Assisted Living Home,
Bella Manor,"20359 Donora Avenue, Torrance, Ca 90503",Torrance,CA,https://app.seniorplace.com/communities/show/82883afe-4450-409b-8890-f414af11f96e,https://placement-crm-cdn.s3.us-west-2.amazonaws.com/_entities/communities/3bd8a963737b151ae44e182da76716af.jpg,Assisted Living Home,
Bella Manor Ii,"7800 East Tula Street, Long Beach, Ca 90808",Long Beach,CA,https://app.seniorplace.com/communities/show/b3353ce3-e2bd-47b4-8231-dd4274156027,https://placement-crm-cdn.s3.us-west-2.amazonaws.com/_entities/communities/f187b9fdfbb8ce734a0b1b37093b3937.jpg,Assisted Living Home,
Bella Mia Chateau Inc Bmc 1,"18410 Colville Street, Fountain Valley, Ca 92708",Fountain Valley,CA,https://app.seniorplace.com/communities/show/e478248c-e8ef-4200-8361-ad63e45e08f4,https://placement-crm-cdn.s3.us-west-2.amazonaws.com/_entities/communities/4791505b9e69c62ba72f7a786d4cc9e2.jpg,Assisted Living Home,
Bermuda House,"1414 Bermuda Lane, El Cajon, Ca 92021",El Cajon,CA,https://app.seniorplace.com/communities/show/122ae734-97c8-48ce-8a3b-93f83ea39415,https://placement-crm-cdn.s3.us-west-2.amazonaws.com/_entities/communities/838ee68069c56a8a2d5b0ee073c5d266.jpg,Assisted Living Home,
Bermuda Residential Care Home,"984 Bermuda Drive, Concord, Ca 94518",Concord,CA,https://app.seniorplace.com/communities/show/b48cdc64-6706-48c0-8dcb-b9505828c2f3,https://placement-crm-cdn.s3.us-west-2.amazonaws.com/_entities/communities/9b8c5d1a123f2c6e24e47ed2e097786f.jpg,Assisted Living Home,
Bernadette Home Care 1,"510 Marissa Lane, Camarillo, Ca 93010",Camarillo,CA,https://app.seniorplace.com/communities/show/9e57b77b-5a10-4754-84c9-9c6c12bf279b,https://placement-crm-cdn.s3.us-west-2.amazonaws.com/_entities/communities/ad8d9d0e5860b2d19a96f54303e86d1d.jpg,Assisted Living Home,
Bernadette Home Care Ii,"1982 Lathan Avenue, Camarillo, Ca 93010",Camarillo,CA,https://app.seniorplace.com/communities/show/d5449105-7789-4bb0-b8d2-64be93866b4d,https://placement-crm-cdn.s3.us-west-2.amazonaws.com/_entities/communities/d0b61ebc875c27160c46530a38986745.jpg,Assisted Living Home,
Bernadette Home Care Iv,"2131 Dunnigan Street, Camarillo, Ca 93010",Camarillo,CA,https://app.seniorplace.com/communities/show/6c004c88-6749-4995-ae62-2c0de2c1d2ba,https://placement-crm-cdn.s3.us-west-2.amazonaws.com/_entities/communities/490fc700280b39140d96d590ea28e5e9.jpg,Assisted Living Home,
Bernadette Home Care V,"1155 Echo Street, Oxnard, Ca 93036",Oxnard,CA,https://app.seniorplace.com/communities/show/76c8fe89-09fb-4347-ad0f-320bd27bf2ab,https://placement-crm-cdn.s3.us-west-2.amazonaws.com/_entities/communities/f4ef9212a11b23e4bd8517ca9b3613c8.jpg,Assisted Living Home,
Bernadette Home Care Vi,"1525 Dapple Avenue, Camarillo, Ca 93010",Camarillo,CA,https://app.seniorplace.com/communities/show/fe2f9049-b20b-4cf4-92ad-fb80e874e84d,https://placement-crm-cdn.s3.us-west-2.amazonaws.com/_entities/communities/70dcc8c896bc4d599edd3a63c0e9a503.jpg,Assisted Living Home,
Bernadette Smiths Board Care Home 2,"1648 Revere Avenue, San Francisco, Ca 94124",San Francisco,CA,https://app.seniorplace.com/communities/show/519ddde7-818c-4ea7-9ffa-30ff1ca2e931,https://placement-crm-cdn.s3.us-west-2.amazonaws.com/_entities/communities/eb58892efcbf8e9c8a415996de67330e.jpg,Assisted Living Home,
Bernardo Residential Facility,"32800 Regents Boulevard, Union City, Ca 94587",Union City,CA,https://app.seniorplace.com/communities/show/6a8af431-c09f-404e-9fa5-284fe34e6682,https://placement-crm-cdn.s3.us-west-2.amazonaws.com/_entities/communities/465c2c6cb6d91be8b923c5a41cc3410e.jpg,Assisted Living Home,
Bernies Care Home Services,"936 Royal Oaks Drive, Stockton, Ca 95209",Stockton,CA,https://app.seniorplace.com/communities/show/1f7c1a50-1a66-4812-929e-961602837769,https://placement-crm-cdn.s3.us-west-2.amazonaws.com/_entities/communities/70dbe2ba8a70fc8b8430898759cc0b7d.jpg,Assisted Living Home,
Bert Lilleen Care Home,"967 Zephyr Court, Vacaville, Ca 95687",Vacaville,CA,https://app.seniorplace.com/communities/show/60389421-088a-45df-a213-0214a679fdd3,https://placement-crm-cdn.s3.us-west-2.amazonaws.com/_entities/communities/9eb2a11980122b8cdda981e85bdc94aa.jpg,Assisted Living Home,
Bertha Home Care,"11870 Bertha Street, Cerritos, Ca 90703",Cerritos,CA,https://app.seniorplace.com/communities/show/3b003a87-b69d-4455-a47e-8a0d86782bd7,https://placement-crm-cdn.s3.us-west-2.amazonaws.com/_entities/communities/1e9c8ac2c4e67ee5417080fe0c54b8e7.jpg,Assisted Living Home,
Besco Garden,"40242 Crockett Street, Fremont, Ca 94538",Fremont,CA,https://app.seniorplace.com/communities/show/b025ca24-f068-4e26-b59a-c6d1a0a6bb94,https://placement-crm-cdn.s3.us-west-2.amazonaws.com/_entities/communities/1b1401c0cebe1fe0e5eacdd56f8a60a6.jpg,Assisted Living Home,
Best Care Assisted Living On Haskell,"9756 Haskell Avenue, Los Angeles, Ca 91343",Los Angeles,CA,https://app.seniorplace.com/communities/show/8b8e7890-a89b-4a2f-8c69-29c61805704d,https://placement-crm-cdn.s3.us-west-2.amazonaws.com/_entities/communities/89e812b1f0be5190b2026264b772a1d1.jpg,Assisted Living Home,
Best Care Guest Home,"817 South Oaks Avenue, Ontario, Ca 91762",Ontario,CA,https://app.seniorplace.com/communities/show/dd9b670f-9084-4627-8380-2b3fab996a6f,https://placement-crm-cdn.s3.us-west-2.amazonaws.com/_entities/communities/524ead3fb9b2b0d8b19bbb1a21ad9635.jpg,Assisted Living Community,
Best Care La,"15954 Rayen Street, North Hills, Ca 91343",North Hills,CA,https://app.seniorplace.com/communities/show/a3f2d622-5fe7-4080-9438-ec39ec738471,https://placement-crm-cdn.s3.us-west-2.amazonaws.com/_entities/communities/cadcfe29409d63da8f919aacd2edc7bd.jpg,Assisted Living Home,
Best Care Rcf,"315 Deep Dell Road, San Diego, Ca 92114",San Diego,CA,https://app.seniorplace.com/communities/show/68a3ad1e-66ee-41c4-90b4-8d4b52e4fc93,https://placement-crm-cdn.s3.us-west-2.amazonaws.com/_entities/communities/460c6792bec1321d0d4ac7461fe825be.jpg,Assisted Living Home,
Best Care2U,"1061 Fountain Place, Escondido, Ca 92026",Escondido,CA,https://app.seniorplace.com/communities/show/7c499864-a96d-4d07-a0c6-075d29483439,https://placement-crm-cdn.s3.us-west-2.amazonaws.com/_entities/communities/37f5922c308f6cbc3d34c6a215717f4f.jpg,Assisted Living Home,
Better Living Of Walnut Creek,"1868 Danielle Court, Walnut Creek, Ca 94598",Walnut Creek,CA,https://app.seniorplace.com/communities/show/da8d1a2b-48f4-4bd7-8af5-85bcc2ba9249,https://placement-crm-cdn.s3.us-west-2.amazonaws.com/_entities/communities/abf06019a0ad421d678246fadc20d9b6.jpg,Assisted Living Home,
Better Living Rch,"7459 Pegasus Court, San Jose, Ca 95139",San Jose,CA,https://app.seniorplace.com/communities/show/ff84b43d-478d-4658-a8ff-8145b419724c,https://placement-crm-cdn.s3.us-west-2.amazonaws.com/_entities/communities/9f3e8e4b1655eafb2e033f7851eb833f.jpg,Assisted Living Home,
Better World Care,"12719 Shockley Woods Court, Auburn, Ca 95603",Auburn,CA,https://app.seniorplace.com/communities/show/eab0c438-3f27-4f80-89ad-98771d0a61b3,https://placement-crm-cdn.s3.us-west-2.amazonaws.com/_entities/communities/cf374820a375bed978f3a50ede45814d.jpg,Assisted Living Home,
Betterthanb4Housing,"9318 San Pedro Street, Los Angeles, Ca 90059",Los Angeles,CA,https://app.seniorplace.com/communities/show/a46f4066-c5be-4c6c-90ae-fa3b09d1d42d,https://placement-crm-cdn.s3.us-west-2.amazonaws.com/_entities/communities/2c96c99978008a800c540a3458b56577.jpg,Assisted Living Home,
Bettys Place,"37182 Sierra Grove Drive, Murrieta, Ca 92563",Murrieta,CA,https://app.seniorplace.com/communities/show/ac6442f6-a3be-4e5b-bc72-3ab2ed42f908,https://placement-crm-cdn.s3.us-west-2.amazonaws.com/_entities/communities/265efc657d64589449e73571f2e87e79.jpg,Assisted Living Home,
Beverly Hills Loving Care,"1019 South Wooster Street, Los Angeles, Ca 90035",Los Angeles,CA,https://app.seniorplace.com/communities/show/9b30d607-0c71-4fcf-a236-a26551db5510,https://placement-crm-cdn.s3.us-west-2.amazonaws.com/_entities/communities/4bf51d0d85fa697e7bcd60728713a709.jpg,Assisted Living Community,
Beverly Hills Senior Care,"1015 South Orange Grove Avenue, Los Angeles, Ca 90019",Los Angeles,CA,https://app.seniorplace.com/communities/show/fb15f4cf-2540-403e-90bd-85d1fcd54742,https://placement-crm-cdn.s3.us-west-2.amazonaws.com/_entities/communities/135a4bc0b78197b1c1d57027c4245198.jpg,Assisted Living Community,
Beverly Hills Terrace,"1470 South Robertson Boulevard, Los Angeles, Ca 90035",Los Angeles,CA,https://app.seniorplace.com/communities/show/355646ba-acaa-4f8b-bf1e-3f4d8c05e1c5,https://placement-crm-cdn.s3.us-west-2.amazonaws.com/_entities/communities/dfe715129fd98cdf03946444c00fd811.jpg,Assisted Living Community,
Beverly Home,"1183 West Chateau Avenue, Anaheim, Ca 92802",Anaheim,CA,https://app.seniorplace.com/communities/show/1ce4b7c0-6f31-45f1-8659-88e82417f21a,https://placement-crm-cdn.s3.us-west-2.amazonaws.com/_entities/communities/cdb7eae158dd92eea1b578fc2b54749e.jpg,Assisted Living Home,
Beverly Homes Lawndale,"4558 West 163Rd Street, Lawndale, Ca 90260",Lawndale,CA,https://app.seniorplace.com/communities/show/6ced9a81-e3e6-4188-90bf-bbbd2c9f283a,https://placement-crm-cdn.s3.us-west-2.amazonaws.com/_entities/communities/950cac5a2b2423edeeaac09dad60c71e.jpg,Assisted Living Home,
Beverly Residential Care,"9771 Beverly Lane, Garden Grove, Ca 92841",Garden Grove,CA,https://app.seniorplace.com/communities/show/6984cd41-ff8d-444b-bf46-667386c54da0,https://placement-crm-cdn.s3.us-west-2.amazonaws.com/_entities/communities/caf8c3478974b824e5fd09113c291c28.jpg,Assisted Living Home,
Beverly Terrace,"1432 West Beverly Terrace, Montebello, Ca 90640",Montebello,CA,https://app.seniorplace.com/communities/show/a9120273-9d90-4099-8d7b-b31639417c8e,https://placement-crm-cdn.s3.us-west-2.amazonaws.com/_entities/communities/1ce44c459c3b54aba2176bfe70ce6de3.jpg,Assisted Living Home,
Beverlywood Retirement Home,"9014 Hargis Street, Los Angeles, Ca 90034",Los Angeles,CA,https://app.seniorplace.com/communities/show/f47ccde5-8d36-49f2-8d02-173a64dcb2d1,https://placement-crm-cdn.s3.us-west-2.amazonaws.com/_entities/communities/79ebc5f717828de021ec0e8181d3cc09.jpg,Assisted Living Home,
Bewise Home,"22214 Vanowen Street, Los Angeles, Ca 91303",Los Angeles,CA,https://app.seniorplace.com/communities/show/c43cdab2-ca8d-4279-8fa7-20fc5a52fec4,https://placement-crm-cdn.s3.us-west-2.amazonaws.com/_entities/communities/dff852f79291bd8270274bf36218b96f.jpg,Assisted Living Home,
Bewise Home Covello,"20616 Covello Street, Los Angeles, Ca 91306",Los Angeles,CA,https://app.seniorplace.com/communities/show/da608418-8d7f-4917-9d95-8684a5bca731,https://placement-crm-cdn.s3.us-west-2.amazonaws.com/_entities/communities/9362294808b14c1a71f93a2e9473731b.jpg,Assisted Living Home,
Bewise Home Fallbrook,"7446 Fallbrook Avenue, West Hills, Ca 91307",West Hills,CA,https://app.seniorplace.com/communities/show/e2b68046-5281-4ca0-9460-7b77447d729a,https://placement-crm-cdn.s3.us-west-2.amazonaws.com/_entities/communities/e570b85c2925f3e1d098a34e0ea301cb.jpg,Assisted Living Home,
Bexley Home,"10708 Bexley Drive, Whittier, Ca 90606",Whittier,CA,https://app.seniorplace.com/communities/show/dc675d58-56d3-45c4-9b60-26863751a873,https://placement-crm-cdn.s3.us-west-2.amazonaws.com/_entities/communities/903c472518d25aa949dd78a5ae280d79.jpg,Assisted Living Home,
Bexley Home Ii,"7435 Halray Avenue, Whittier, Ca 90606",Whittier,CA,https://app.seniorplace.com/communities/show/3065cd4e-827e-4638-8d47-f8e9a94ed167,https://placement-crm-cdn.s3.us-west-2.amazonaws.com/_entities/communities/e46faa0ea6aff9c8f03d960627de48d1.jpg,Assisted Living Home,
Beyond A Home,"6023 West Avenue L12, Lancaster, Ca 93536",Lancaster,CA,https://app.seniorplace.com/communities/show/56a85b77-bb2a-42f4-9926-e39e93b3d936,https://placement-crm-cdn.s3.us-west-2.amazonaws.com/_entities/communities/94d2468fd685baf20900504a1916f3fb.jpg,Assisted Living Home,
Beyond Care,"9040 Carlisle Avenue, Sacramento, Ca 95829",Sacramento,CA,https://app.seniorplace.com/communities/show/78625e7c-504f-4e65-9da0-42ac5d633118,https://placement-crm-cdn.s3.us-west-2.amazonaws.com/_entities/communities/f1ae5d02d1da573f7e6961e75ede5e16.jpg,Assisted Living Home,
Beyond Care Homes,"124 Madora Place, San Ramon, Ca 94583",San Ramon,CA,https://app.seniorplace.com/communities/show/543be5b5-e7d3-4b43-b34c-07fa2617c703,https://placement-crm-cdn.s3.us-west-2.amazonaws.com/_entities/communities/71e2a0893128fe711a52520fa259eca0.jpg,Assisted Living Home,
Billys House,"367 South Greengrove Drive, Orange, Ca 92866",Orange,CA,https://app.seniorplace.com/communities/show/430b01b4-2a9b-49c1-91d6-5ccd0c3cf8f8,https://placement-crm-cdn.s3.us-west-2.amazonaws.com/_entities/communities/60de37466981ac712280fec99fcad92c.jpg,Assisted Living Home,
Binas Adult Care,"5667 San Pablo Dam Road, El Sobrante, Ca 94803",El Sobrante,CA,https://app.seniorplace.com/communities/show/171f6df2-19b9-4041-a5ee-8866508211b0,https://placement-crm-cdn.s3.us-west-2.amazonaws.com/_entities/communities/e0fa21e1487a8bcd50e7f50d31bbbae8.jpg,Assisted Living Home,
Birch Residence,"25185 Birch Avenue, Loma Linda, Ca 92354",Loma Linda,CA,https://app.seniorplace.com/communities/show/e3164e3b-1486-4a1f-9d71-58f337579a93,https://placement-crm-cdn.s3.us-west-2.amazonaws.com/_entities/communities/7912913540e575983993f3b9f5dc5a87.jpg,Assisted Living Home,
Birchwood Care Home,"4512 Birchwood Court, Union City, Ca 94587",Union City,CA,https://app.seniorplace.com/communities/show/eeebc29e-d6af-4ca6-9721-d406e82a60b4,https://placement-crm-cdn.s3.us-west-2.amazonaws.com/_entities/communities/17e75f03873bc41aea8db75c4117df10.jpg,Assisted Living Home,
Bird Of Paradise Care,"14447 Delicious Street, Adelanto, Ca 92301",Adelanto,CA,https://app.seniorplace.com/communities/show/896abfbf-ca7b-454a-a309-45a8a15aadc3,https://placement-crm-cdn.s3.us-west-2.amazonaws.com/_entities/communities/aacb3c76f303b25761b60ca124092395.jpg,Assisted Living Home,
Birdie House,"1402 Birdie Drive, Windsor, Ca 95492",Windsor,CA,https://app.seniorplace.com/communities/show/0295e0b9-209a-474f-9188-08fa8aadc5ce,https://placement-crm-cdn.s3.us-west-2.amazonaws.com/_entities/communities/702480317d8ec2f00ad2c4566563ca96.jpg,Assisted Living Home,
Birds Of Paradise Home,"9821 Newcastle Lane, Cypress, Ca 90630",Cypress,CA,https://app.seniorplace.com/communities/show/010dbc34-f7c1-4eb2-8075-77c1ef2c7e5a,https://placement-crm-cdn.s3.us-west-2.amazonaws.com/_entities/communities/afe1e527ace7a864b5d15e4375044166.jpg,Assisted Living Home,
Birmingham Villa,"825 Birmingham Road, Burbank, Ca 91504",Burbank,CA,https://app.seniorplace.com/communities/show/b2d4e212-6870-4c02-a5f5-4e5ad168f63e,https://placement-crm-cdn.s3.us-west-2.amazonaws.com/_entities/communities/0ab9828a8c1a7af422d692c3c91fd7e2.jpg,Assisted Living Home,
Bishop Adult Res Care,"758 Bishop Avenue, Hayward, Ca 94544",Hayward,CA,https://app.seniorplace.com/communities/show/37bfdb2c-0f8e-48f7-8405-d1b8d4ae2765,https://placement-crm-cdn.s3.us-west-2.amazonaws.com/_entities/communities/26df4b372672629a9ddff001d349e9f3.jpg,Assisted Living Home,
Bishop Foundation Residential Care Facility The,"3111 L Street, San Diego, Ca 92102",San Diego,CA,https://app.seniorplace.com/communities/show/d0d219ac-7675-49db-8147-0a820552fa38,https://placement-crm-cdn.s3.us-west-2.amazonaws.com/_entities/communities/ce502bfc85d3d3e2e5c7f487231198b2.jpg,Assisted Living Home,
Biyok Home,"15820 Via Rivera, San Lorenzo, Ca 94580",San Lorenzo,CA,https://app.seniorplace.com/communities/show/962ce2e0-398c-4976-854a-7b30fc82d758,https://placement-crm-cdn.s3.us-west-2.amazonaws.com/_entities/communities/6d472e67e7d8eb43d4c75ccb8a36426f.jpg,Assisted Living Home,
Bjs Residential,"263 Elm Avenue, Atwater, Ca 95301",Atwater,CA,https://app.seniorplace.com/communities/show/e0c616ef-ff20-4620-bd3c-b2f295e8338b,https://placement-crm-cdn.s3.us-west-2.amazonaws.com/_entities/communities/27a5b5583f8b43b4ffeec13beb2573fe.jpg,Assisted Living Home,
Bjk Residential Care I,"656 Paradise Road, Modesto, Ca 95351",Modesto,CA,https://app.seniorplace.com/communities/show/90ecc8e2-07d4-4758-bde7-a22052bdd074,https://placement-crm-cdn.s3.us-west-2.amazonaws.com/_entities/communities/6480a089c2514a0163d3b9acf3265a20.jpg,Assisted Living Home,
Bk House Of Grace 2,"5742 East Lorena Avenue, Fresno, Ca 93727",Fresno,CA,https://app.seniorplace.com/communities/show/071a7ab8-3090-44c7-8b9e-927fadbb8091,https://placement-crm-cdn.s3.us-west-2.amazonaws.com/_entities/communities/87ca8199e115e320d18db7f9488c3b6d.jpg,Assisted Living Home,
Bk House Of Grace,"1463 North Archie Avenue, Fresno, Ca 93703",Fresno,CA,https://app.seniorplace.com/communities/show/0a24d8d3-f920-4e97-b26d-d30983412c3c,https://placement-crm-cdn.s3.us-west-2.amazonaws.com/_entities/communities/10cb1756039019455141f88ed796d79e.jpg,Assisted Living Home,
Blc Residential,"804 East Clinton Avenue, Atwater, Ca 95301",Atwater,CA,https://app.seniorplace.com/communities/show/ad7388d1-13cc-4d22-af02-27f37a9075a7,https://placement-crm-cdn.s3.us-west-2.amazonaws.com/_entities/communities/36e5b856ea38c7f273e129f343369ee6.jpg,Assisted Living Home,
Blake Home,"606 Jackman Avenue, San Fernando, Ca 91342",San Fernando,CA,https://app.seniorplace.com/communities/show/cf74fc38-a2bb-4f99-98bf-e4af085b7d20,https://placement-crm-cdn.s3.us-west-2.amazonaws.com/_entities/communities/d082093161eb970fdbdb0dd1e9fbc945.jpg,Assisted Living Home,
Blake Residential,"9549 Twin Brooks Lane, Stockton, Ca 95219",Stockton,CA,https://app.seniorplace.com/communities/show/75a6bd1d-b461-438d-815c-0e95e49f4e8d,https://placement-crm-cdn.s3.us-west-2.amazonaws.com/_entities/communities/f34ff3c49759d0a642dd59b940708074.jpg,Assisted Living Home,
Blakeys Place Arf,"1420 Peerless Drive, El Cajon, Ca 92021",El Cajon,CA,https://app.seniorplace.com/communities/show/88014396-bc7b-4352-9684-3891fe2c62d8,https://placement-crm-cdn.s3.us-west-2.amazonaws.com/_entities/communities/a78fb5c24fe0a7dcfaec70b5b2a08de1.jpg,Assisted Living Home,
Blancas Place,"1728 South Norfolk Street, San Mateo, Ca 94403",San Mateo,CA,https://app.seniorplace.com/communities/show/17fa757b-77fd-4030-86f5-c188531b7578,https://placement-crm-cdn.s3.us-west-2.amazonaws.com/_entities/communities/63cabcd33b4e5ad4070e2f0c4b6a2249.jpg,Assisted Living Home,
Blossom Valley Residential Care,"10044 Blossom Valley Road, El Cajon, Ca 92021",El Cajon,CA,https://app.seniorplace.com/communities/show/ae4226cf-a57a-4e71-b699-93e03165c2dc,https://placement-crm-cdn.s3.us-west-2.amazonaws.com/_entities/communities/657db4aa139c16b629685e02bd5ddb95.jpg,Assisted Living Home,
Blossomkare,"2101 South B Street, Stockton, Ca 95206",Stockton,CA,https://app.seniorplace.com/communities/show/c11cd5de-224f-449b-b954-e496d3499e4a,https://placement-crm-cdn.s3.us-west-2.amazonaws.com/_entities/communities/045a20a9aef7af715c0143beec7d92bd.jpg,Assisted Living Home,
Blossoms Care Home,"106 Violet Road, Hercules, Ca 94547",Hercules,CA,https://app.seniorplace.com/communities/show/32b8a0f5-e8f2-414c-81fb-185e58260bfd,https://placement-crm-cdn.s3.us-west-2.amazonaws.com/_entities/communities/ea6052d8675163af9b43ca65790ee5bb.jpg,Assisted Living Home,
Blu Skyyz Residential Care,"16251 Night Star Court, Fontana, Ca 92336",Fontana,CA,https://app.seniorplace.com/communities/show/f59cd175-5570-41d2-8f36-b890f1af5126,https://placement-crm-cdn.s3.us-west-2.amazonaws.com/_entities/communities/4f396f278fc8afb1fc20128e2558b979.jpg,Assisted Living Home,
Blue Cottage Lane,"110 West Brentwood Avenue, Orange, Ca 92865",Orange,CA,https://app.seniorplace.com/communities/show/3a5c8110-c78e-49f0-a754-b7712c80ecb9,https://placement-crm-cdn.s3.us-west-2.amazonaws.com/_entities/communities/1f1f551f8ee9f6e443e84c4748f8f8b6.jpg,Assisted Living Home,
Blue Eagle Villas,"1630 North Brighton Street, Burbank, Ca 91506",Burbank,CA,https://app.seniorplace.com/communities/show/37c6453b-223d-445b-a153-a1a53cf1012a,https://placement-crm-cdn.s3.us-west-2.amazonaws.com/_entities/communities/fdfbfe6d6f2ce04fad15f9b412c51779.jpg,Assisted Living Home,
Blue Eagle Villas 2,"203 North Kingsley Drive, Los Angeles, Ca 90004",Los Angeles,CA,https://app.seniorplace.com/communities/show/d679fa07-4af8-4297-a82d-bd7602455d58,https://placement-crm-cdn.s3.us-west-2.amazonaws.com/_entities/communities/52a4b0d1f2c8682e0ff3a7b2202e20f8.jpg,Assisted Living Home,
Blue Haven Guest Home I,"7207 Norwalk Boulevard, Whittier, Ca 90606",Whittier,CA,https://app.seniorplace.com/communities/show/d622c0e7-202a-4c23-af22-4baf265f2efe,https://placement-crm-cdn.s3.us-west-2.amazonaws.com/_entities/communities/0e839f173c7c8e81fe0b27ca323f82f0.jpg,Assisted Living Home,
Blue Horizon,"11727 Blythe Street, Los Angeles, Ca 91605",Los Angeles,CA,https://app.seniorplace.com/communities/show/bd3db1b1-f510-46cd-8d5f-f60945a891fc,https://placement-crm-cdn.s3.us-west-2.amazonaws.com/_entities/communities/bdafb4d79b7dc63c0ef556e9f0b092e2.jpg,Assisted Living Home,
Blue Horizon Eldercare,"11729 Blythe Street, Los Angeles, Ca 91605",Los Angeles,CA,https://app.seniorplace.com/communities/show/a5a85ab3-52ec-4ff0-8065-6b23980ba342,https://placement-crm-cdn.s3.us-west-2.amazonaws.com/_entities/communities/26620c534753537fd4e853d7cfb71a92.jpg,Assisted Living Home,
Blue Horizon Living,"1319 Linden Drive, Concord, Ca 94520",Concord,CA,https://app.seniorplace.com/communities/show/1db20f37-a866-4b5c-aba8-aec06d7ca407,https://placement-crm-cdn.s3.us-west-2.amazonaws.com/_entities/communities/3e3356fde33944b7acf35cbc8e256328.jpg,Assisted Living Home,
Blue Jasmine Villa,"18 Sequoia Tree Lane, Irvine, Ca 92612",Irvine,CA,https://app.seniorplace.com/communities/show/7931869a-6a59-46a5-a269-d59e4a95dec6,https://placement-crm-cdn.s3.us-west-2.amazonaws.com/_entities/communities/734159e6afba6c4f00f22e037f4eab3d.jpg,Assisted Living Home,
Blue Jay Home,"414 East Blue Jay Way, Ontario, Ca 91761",Ontario,CA,https://app.seniorplace.com/communities/show/8dccf92f-7993-4100-8ee2-fea3fcc7f1b4,https://placement-crm-cdn.s3.us-west-2.amazonaws.com/_entities/communities/ccd4076f55cede555277f1242310b906.jpg,Assisted Living Home,
Blue Morpho Assisted Living,"1052 Ariana Street West, Madera, Ca 93636",Madera,CA,https://app.seniorplace.com/communities/show/6f58e10f-82dc-4bb8-a311-bdef5da4f763,,Assisted Living Home,
Blue Oaks Senior Care,"4065 Peabody Way, Roseville, Ca 95747",Roseville,CA,https://app.seniorplace.com/communities/show/b863b835-6872-4af1-82d5-4ddee8482800,https://placement-crm-cdn.s3.us-west-2.amazonaws.com/_entities/communities/e0a4382ffd6df0224f65c2d69802e4d5.jpg,Assisted Living Home,
Blue Oasis Senior Home,"3906 Apple Blossom Way, Carmichael, Ca 95608",Carmichael,CA,https://app.seniorplace.com/communities/show/a42e85ae-1b2e-4556-a688-6955fd622638,https://placement-crm-cdn.s3.us-west-2.amazonaws.com/_entities/communities/e7bcc984759b4c3a698d39298f41dc83.jpg,Assisted Living Home,
Blue Odyssey Adult Home,"44238 Mahogany Street, Lancaster, Ca 93536",Lancaster,CA,https://app.seniorplace.com/communities/show/16f4744e-bf56-4eca-a2ac-e1fb25215a3e,,Assisted Living Home,
Blue Pearl Home Care Ii,"10018 Saint Albans Avenue, Bakersfield, Ca 93311",Bakersfield,CA,https://app.seniorplace.com/communities/show/8face147-ec5e-465c-bd1a-635e4fae7205,https://placement-crm-cdn.s3.us-west-2.amazonaws.com/_entities/communities/8309e3ae920c31de8ef95995e472f00c.jpg,Assisted Living Home,
Blue Ridge Home Care,"16604 Lassen Street, Los Angeles, Ca 91343",Los Angeles,CA,https://app.seniorplace.com/communities/show/08aa0710-fe8b-4c55-89dd-0537fd2294b2,https://placement-crm-cdn.s3.us-west-2.amazonaws.com/_entities/communities/56146496c0b1b4e0a887b0c4d8b96b91.jpg,Assisted Living Home,
Bowen Guest Home,"1428 Christina Way, Ramona, Ca 92065",Ramona,CA,https://app.seniorplace.com/communities/show/5ecc69d3-8b3c-441f-a4e3-a045bacae753,https://placement-crm-cdn.s3.us-west-2.amazonaws.com/_entities/communities/b9a6a5f2f1cdccc22ceeb071dc81f562.jpg,Assisted Living Home,
Boyd Senior Care Home,"345 Boyd Road, Pleasant Hill, Ca 94523",Pleasant Hill,CA,https://app.seniorplace.com/communities/show/ba03ac16-f16e-4101-8ae6-a6f622949e44,https://placement-crm-cdn.s3.us-west-2.amazonaws.com/_entities/communities/d2281f3e9271a463592261001da62121.jpg,Assisted Living Home,
Boyd Inc Adult Residential Facility,"630 East 136Th Street, Los Angeles, Ca 90059",Los Angeles,CA,https://app.seniorplace.com/communities/show/ecdac3c7-54d1-424a-b8f1-6d88bfbcd642,https://placement-crm-cdn.s3.us-west-2.amazonaws.com/_entities/communities/6a282629123ffc9928befd6b3869d184.jpg,Assisted Living Home,
Boylan Board And Care,"11324 Avenger Road, San Diego, Ca 92126",San Diego,CA,https://app.seniorplace.com/communities/show/b20bc872-a968-4a35-a006-d99598c741ce,https://placement-crm-cdn.s3.us-west-2.amazonaws.com/_entities/communities/cae6ca96ea34dbb5f74eec8978fcaba7.jpg,Assisted Living Home,
Br Care,"2830 Hawthorn Court, Brentwood, Ca 94513",Brentwood,CA,https://app.seniorplace.com/communities/show/c6bdb549-da07-4af6-8693-4d66590068bb,https://placement-crm-cdn.s3.us-west-2.amazonaws.com/_entities/communities/d882975e76137ddf302e9f592d3abd45.jpg,Assisted Living Home,
Bracost I,"1096 North Cantara Street, Colton, Ca 92324",Colton,CA,https://app.seniorplace.com/communities/show/756d65e8-233d-41e8-8a88-9c66a8387b6d,https://placement-crm-cdn.s3.us-west-2.amazonaws.com/_entities/communities/28a709b26e8388c90ff7d996c23e6e8f.jpg,Assisted Living Home,
Bracost Ii,"2105 Harris Street, Colton, Ca 92324",Colton,CA,https://app.seniorplace.com/communities/show/af85bffa-2be1-4ac1-962c-19d0284a3eb2,https://placement-crm-cdn.s3.us-west-2.amazonaws.com/_entities/communities/fdab1447ecc13a38cfb39538f311b1ce.jpg,Assisted Living Home,
Bracost Iii,"239 East Kimberly Court, San Bernardino, Ca 92408",San Bernardino,CA,https://app.seniorplace.com/communities/show/e5c0025e-d157-4cfa-9809-fd46d683be44,https://placement-crm-cdn.s3.us-west-2.amazonaws.com/_entities/communities/a456c802d9307f4091eb83b26b38eb55.jpg,Assisted Living Home,
Bracost Iv,"1989 Mesa Drive, Colton, Ca 92324",Colton,CA,https://app.seniorplace.com/communities/show/8be67b2a-05c5-4271-82b5-e8a29761440a,https://placement-crm-cdn.s3.us-west-2.amazonaws.com/_entities/communities/d46a601e59b56552ded337e686c8639a.jpg,Assisted Living Home,
Bracost V,"2269 Tiffany Lane, Colton, Ca 92324",Colton,CA,https://app.seniorplace.com/communities/show/c1ea2352-a72a-49aa-bbb3-e718c4835e99,https://placement-crm-cdn.s3.us-west-2.amazonaws.com/_entities/communities/be182214777426e1fbf2ce9983946aa2.jpg,Assisted Living Home,
Bradbourne,"1332 Bradbourne Avenue, Duarte, Ca 91010",Duarte,CA,https://app.seniorplace.com/communities/show/0c33f041-eeb8-4532-a0eb-3f19995062b9,https://placement-crm-cdn.s3.us-west-2.amazonaws.com/_entities/communities/8d415553394fb540ac37b112fdd81339.jpg,Assisted Living Home,
Braddock Home,"12136 Braddock Drive, Culver City, Ca 90230",Culver City,CA,https://app.seniorplace.com/communities/show/772effdd-709b-4762-9be3-210fad14d1dd,https://placement-crm-cdn.s3.us-west-2.amazonaws.com/_entities/communities/4e1595e96254a53014bbc5c1c741562e.jpg,Assisted Living Home,
Bradford Residence,"1238 West Cienega Avenue, San Dimas, Ca 91773",San Dimas,CA,https://app.seniorplace.com/communities/show/bf54c37d-4696-4f63-a16d-589c20f5d4b1,https://placement-crm-cdn.s3.us-west-2.amazonaws.com/_entities/communities/5c177466c07c090b078d71d658d0e9b0.jpg,Assisted Living Home,
Bradford Residential Care,"1111 Bradford Drive, Glendora, Ca 91740",Glendora,CA,https://app.seniorplace.com/communities/show/b662d448-f7de-40ca-a815-50b828258a6e,https://placement-crm-cdn.s3.us-west-2.amazonaws.com/_entities/communities/98958a2beb556b96a31cecdf5c4b73db.jpg,Assisted Living Home,
Bradys Home The,"2401 Fairfield Avenue, Concord, Ca 94520",Concord,CA,https://app.seniorplace.com/communities/show/82446d07-e7b4-4928-a1f3-86896b77969c,https://placement-crm-cdn.s3.us-west-2.amazonaws.com/_entities/communities/d75a167f5e86fadff1beb273fb339dac.jpg,Assisted Living Home,
Bragg House,"10511 Bragg Avenue, Grass Valley, Ca 95945",Grass Valley,CA,https://app.seniorplace.com/communities/show/bac69c2a-399b-46ea-81e2-3ff6296243be,https://placement-crm-cdn.s3.us-west-2.amazonaws.com/_entities/communities/b9219b415b70b04360993af66192cb7c.jpg,Assisted Living Home,
Bramblewood Arf,"1261 Pershing Road, Chula Vista, Ca 91913",Chula Vista,CA,https://app.seniorplace.com/communities/show/accaeabc-b86a-4cc7-a0a1-2bca7611ec46,https://placement-crm-cdn.s3.us-west-2.amazonaws.com/_entities/communities/e621186bc307da4d80069dcfbb20d780.jpg,Assisted Living Home,
Brandies Home,"19416 Eldorado Road, Perris, Ca 92570",Perris,CA,https://app.seniorplace.com/communities/show/4ff93338-2bec-4c82-9502-8113ad1c7ee6,https://placement-crm-cdn.s3.us-west-2.amazonaws.com/_entities/communities/9f1b3cce0bee6e3da43896637db36d20.jpg,Assisted Living Home,
Brandon Manor,"28421 Brandon Drive, Laguna Niguel, Ca 92677",Laguna Niguel,CA,https://app.seniorplace.com/communities/show/96cf5279-647b-445d-94bb-9924d59ba51e,,Assisted Living Home,
Brandons Home,"4013 Branson Drive, San Mateo, Ca 94403",San Mateo,CA,https://app.seniorplace.com/communities/show/970ce993-dbbf-47a4-a3e2-3e8acc870a7b,https://placement-crm-cdn.s3.us-west-2.amazonaws.com/_entities/communities/eaea4a2237070232e58cb11e454ba609.jpg,Assisted Living Home,
Brandywood Home,"221 Brandywood Street, San Diego, Ca 92114",San Diego,CA,https://app.seniorplace.com/communities/show/0e235368-4da4-4594-bbc1-d313789116d2,https://placement-crm-cdn.s3.us-west-2.amazonaws.com/_entities/communities/e4ca943a7d5e87b211ba5dc85b4215ba.jpg,Assisted Living Home,
Brandywood Home 2,"4944 Clearview Way, La Mesa, Ca 91942",La Mesa,CA,https://app.seniorplace.com/communities/show/cc27763a-ca01-4cda-b14b-aa668cd14c55,https://placement-crm-cdn.s3.us-west-2.amazonaws.com/_entities/communities/68ded0bc413c1c6ed988ab9c46030c06.jpg,Assisted Living Home,
Brandywood Home 3,"1730 La Corta Street, Lemon Grove, Ca 91945",Lemon Grove,CA,https://app.seniorplace.com/communities/show/9b66af64-4e96-43fc-90b0-2e460f5ad434,https://placement-crm-cdn.s3.us-west-2.amazonaws.com/_entities/communities/0cd6f00a10a264e456be8fa74f89270b.jpg,Assisted Living Home,
Casa De Maya,"9643 Bote Court, Spring Valley, Ca 91977",Spring Valley,CA,https://app.seniorplace.com/communities/show/e42d5e87-48a9-4c23-b80e-a91bf00fbc82,https://placement-crm-cdn.s3.us-west-2.amazonaws.com/_entities/communities/3df40efcfa53b819eb75434eb374063d.jpg,Assisted Living Home,
Casa De Modesto,"1745 Eldena Way, Modesto, Ca 95350",Modesto,CA,https://app.seniorplace.com/communities/show/b3dafde8-5f1c-4b2a-96f6-9e99663dddf7,,Assisted Living Community,
Casa De Oro,"6717 Lorraine Avenue, Stockton, Ca 95210",Stockton,CA,https://app.seniorplace.com/communities/show/ff1e822e-b42e-4c18-90ad-eef520424a20,https://placement-crm-cdn.s3.us-west-2.amazonaws.com/_entities/communities/40070760fb46a6ad439439066428bdd6.jpg,Assisted Living Home,
Casa De Oro Residential Care,"3602 South Cordoba Avenue, Spring Valley, Ca 91977",Spring Valley,CA,https://app.seniorplace.com/communities/show/395cf687-bd6b-4da6-84bc-7035393d8b73,https://placement-crm-cdn.s3.us-west-2.amazonaws.com/_entities/communities/246076d7cc185d0ca40fc5d47225e8d5.jpg,Assisted Living Home,
Casa De Reyes,"7566 Alexander Street, Gilroy, Ca 95020",Gilroy,CA,https://app.seniorplace.com/communities/show/d37f0cba-3e5c-48ff-a232-2b06ae30688f,https://placement-crm-cdn.s3.us-west-2.amazonaws.com/_entities/communities/338cd6289fceccf2abe8e74a62303973.jpg,Assisted Living Home,
Casa De Stella,"2210 Clock Tower Court, Riverbank, Ca 95367",Riverbank,CA,https://app.seniorplace.com/communities/show/8503ac8e-8f99-442e-9985-2f92fef7e278,https://placement-crm-cdn.s3.us-west-2.amazonaws.com/_entities/communities/637a6c3b431ed5756fce039c695bb9a5.jpg,Assisted Living Home,
Casa De Vida Senior Living,"4633 Denwood Road, La Mesa, Ca 91942",La Mesa,CA,https://app.seniorplace.com/communities/show/6fe4a0e3-1abf-4390-89c9-156055075f7c,https://placement-crm-cdn.s3.us-west-2.amazonaws.com/_entities/communities/147a0eec52da9eec4bff7fc596e19be5.jpg,Assisted Living Home,
Casa Del Cielo,"6173 Adelaide Avenue, San Diego, Ca 92115",San Diego,CA,https://app.seniorplace.com/communities/show/17f3f5a1-0820-4149-9faa-72f01d167625,https://placement-crm-cdn.s3.us-west-2.amazonaws.com/_entities/communities/24bca497389015e9fbdd0161cb8354c3.jpg,Assisted Living Home,
Casa Del Corazon Alegre,"8515 Raviller Drive, Downey, Ca 90240",Downey,CA,https://app.seniorplace.com/communities/show/335e7995-2ebe-4534-8b04-53ca9a6ed06a,https://placement-crm-cdn.s3.us-west-2.amazonaws.com/_entities/communities/bcfd97699a26f280aef1c5a9b9fa089d.jpg,Assisted Living Home,
Casa Del Lago,"27332 Allariz, Mission Viejo, Ca 92691",Mission Viejo,CA,https://app.seniorplace.com/communities/show/7da6113a-c21b-4cdf-9a78-28fdd052c1f9,https://placement-crm-cdn.s3.us-west-2.amazonaws.com/_entities/communities/c5ec5d82e728a442cb7cbcdb60ba8178.jpg,Assisted Living Home,
Casa Del Manana,"1190 5Th Avenue, Chula Vista, Ca 91911",Chula Vista,CA,https://app.seniorplace.com/communities/show/cfcf545b-5582-4d69-a68d-d5d1e836a765,https://placement-crm-cdn.s3.us-west-2.amazonaws.com/_entities/communities/a9a3143f3c0612b6253769e680393719.jpg,Assisted Living Home,
Casa Del Rio,"817 West 7Th Street, Hanford, Ca 93230",Hanford,CA,https://app.seniorplace.com/communities/show/8d1e203f-eec8-4fa2-87e5-31975b8758c4,https://placement-crm-cdn.s3.us-west-2.amazonaws.com/_entities/communities/e16b307df26bfab64a57de2ab93e0ff4.jpg,Assisted Living Home,
Casa Del Sol,"4290 Layla Way, San Diego, Ca 92154",San Diego,CA,https://app.seniorplace.com/communities/show/9749d5f7-9f01-4d97-8f9d-0031b46fe227,https://placement-crm-cdn.s3.us-west-2.amazonaws.com/_entities/communities/a630c2eb3f78f401d2144f7e124df788.jpg,Assisted Living Home,
Casa Del Sol,"6486 East Calle Del Norte, Anaheim, Ca 92807",Anaheim,CA,https://app.seniorplace.com/communities/show/b7119a99-5633-4297-acad-cd3750f98050,https://placement-crm-cdn.s3.us-west-2.amazonaws.com/_entities/communities/62ee6d0ba9765b520a77ad053896f9e4.jpg,Assisted Living Home,
Casa Del Sol,"2312 Norwalk Avenue, Los Angeles, Ca 90041",Los Angeles,CA,https://app.seniorplace.com/communities/show/28f7200d-c8f1-4127-8318-a9804c3e3a79,https://placement-crm-cdn.s3.us-west-2.amazonaws.com/_entities/communities/b5d85f9b723c75612be16109adfa2435.jpg,Assisted Living Home,
Casa Del Sol Ii Residence,"11600 Washington Boulevard, Los Angeles, Ca 90066",Los Angeles,CA,https://app.seniorplace.com/communities/show/62faaf81-588f-43bc-9666-4007ec0db722,https://placement-crm-cdn.s3.us-west-2.amazonaws.com/_entities/communities/5352d774adc716aee63365ede8474bc2.jpg,Assisted Living Home,
Casa Del Sol Residence,"11606 Washington Boulevard, Los Angeles, Ca 90066",Los Angeles,CA,https://app.seniorplace.com/communities/show/ee5e245e-d5d1-497f-be85-b527ec6643c3,https://placement-crm-cdn.s3.us-west-2.amazonaws.com/_entities/communities/0263a288cc657743a87ec8b1ac5afb08.jpg,Assisted Living Home,
Casa Del Sol Residential,"27830 Brodiaea Avenue, Moreno Valley, Ca 92555",Moreno Valley,CA,https://app.seniorplace.com/communities/show/9259018f-4a95-4c9c-9aea-050d09f6d5d9,https://placement-crm-cdn.s3.us-west-2.amazonaws.com/_entities/communities/6d8ccfa1d50b9d163e92975f248c5a55.jpg,Assisted Living Home,
Casa Del Sol Rtf,"1561 East Mission Road, Fallbrook, Ca 92028",Fallbrook,CA,https://app.seniorplace.com/communities/show/4827a263-d3b7-494c-9f50-e868e6852e2a,https://placement-crm-cdn.s3.us-west-2.amazonaws.com/_entities/communities/328af61a76fcb11af0ce05026d83a5d7.jpg,Assisted Living Home,
Casa Laurel,"680 North 18Th Street, San Jose, Ca 95112",San Jose,CA,https://app.seniorplace.com/communities/show/a80776ee-6ad1-4ba2-b070-aab0c19f4dbe,https://placement-crm-cdn.s3.us-west-2.amazonaws.com/_entities/communities/ee795e9e3b0e085c600ca70d8a641655.jpg,Assisted Living Home,
Casa Lorenzo,"10149 Brian Kelly Way, Elk Grove, Ca 95757",Elk Grove,CA,https://app.seniorplace.com/communities/show/7fb55dc4-e2d9-4005-b82b-261cefda5a03,https://placement-crm-cdn.s3.us-west-2.amazonaws.com/_entities/communities/f7a03ae0dd0182df7473e1f2d7abd696.jpg,Assisted Living Home,
Casa Luna Care,"3427 Meadow View Drive, Oceanside, Ca 92058",Oceanside,CA,https://app.seniorplace.com/communities/show/b6f580e1-493f-4f0b-b2f1-954b94de6055,https://placement-crm-cdn.s3.us-west-2.amazonaws.com/_entities/communities/49e963cb4c28a9f3b2e4b216927dc19a.jpg,Assisted Living Home,
Casa Mahal,"12631 Casa Avenida, Poway, Ca 92064",Poway,CA,https://app.seniorplace.com/communities/show/21a278c3-c0e5-466f-89f8-6419fbfc8179,https://placement-crm-cdn.s3.us-west-2.amazonaws.com/_entities/communities/666c7ba93624aabf472f8f298fe7031f.jpg,Assisted Living Home,
Casa Marichu Adult Residential Facility,"4829 Lemat Place, San Diego, Ca 92154",San Diego,CA,https://app.seniorplace.com/communities/show/518e3c8a-0f8a-4858-852e-fc92096def3b,https://placement-crm-cdn.s3.us-west-2.amazonaws.com/_entities/communities/49858be6f63e8847e2c4cbb4d98894a8.jpg,Assisted Living Home,
Casa Marina Residential Care,"17029 Romar Street, Los Angeles, Ca 91325",Los Angeles,CA,https://app.seniorplace.com/communities/show/1ec58654-f66b-45ac-8fc8-104171baab72,https://placement-crm-cdn.s3.us-west-2.amazonaws.com/_entities/communities/6c171528a9100fb81f6f41d64b3ecbd1.jpg,Assisted Living Home,
Casa Mariposa Premiere,"6048 Premiere Avenue, Lakewood, Ca 90712",Lakewood,CA,https://app.seniorplace.com/communities/show/ab06c2f3-2f1d-49c4-b335-13b78017470a,https://placement-crm-cdn.s3.us-west-2.amazonaws.com/_entities/communities/2a5816e45377675c91ab3c27ac12b509.jpg,Assisted Living Home,
Casa Mariposadollar,"2403 Dollar Street, Lakewood, Ca 90712",Lakewood,CA,https://app.seniorplace.com/communities/show/f2ba7932-0c23-422e-95f6-c00cf380eea9,https://placement-crm-cdn.s3.us-west-2.amazonaws.com/_entities/communities/6888310bcd610d1670cdefd40a514a98.jpg,Assisted Living Home,
Casa Menendez,"8521 Stewart And Gray Road, Downey, Ca 90241",Downey,CA,https://app.seniorplace.com/communities/show/0eb5bcb7-b9b4-4e69-a18e-2e809b9a94d1,https://placement-crm-cdn.s3.us-west-2.amazonaws.com/_entities/communities/e8c650906baa293224cd732d35d09a6d.jpg,Assisted Living Home,
Casa Mia,"10650 54Th Street, Jurupa Valley, Ca 91752",Jurupa Valley,CA,https://app.seniorplace.com/communities/show/9c8fc1ab-4448-448a-bf7c-636ee9a59d3a,https://placement-crm-cdn.s3.us-west-2.amazonaws.com/_entities/communities/a29466d584e435f09510a7f658930594.jpg,Assisted Living Community,
Casa Michana,"29161 Bridal Veil Lane, Menifee, Ca 92584",Menifee,CA,https://app.seniorplace.com/communities/show/e8250762-9be5-4e48-affe-11fc7ab11373,https://placement-crm-cdn.s3.us-west-2.amazonaws.com/_entities/communities/ed0488f67d59109f845ab2a8c6fd6e60.jpg,Assisted Living Home,
Casa Mikayla,"10205 Gaul Way, Spring Valley, Ca 91977",Spring Valley,CA,https://app.seniorplace.com/communities/show/cf9a42ab-bac1-4cdd-94bf-745e571e0738,https://placement-crm-cdn.s3.us-west-2.amazonaws.com/_entities/communities/9e4a061f9716689562b984f2c2d6d08f.jpg,Assisted Living Home,
Casa Naomi,"855 North Patterson Avenue, Santa Barbara, Ca 93111",Santa Barbara,CA,https://app.seniorplace.com/communities/show/1d2a80aa-ae0f-4991-a0be-8f28f47bd734,https://placement-crm-cdn.s3.us-west-2.amazonaws.com/_entities/communities/baa39104499b31bbe2c918d184ab06bd.jpg,Assisted Living Home,
Casa Naomi Bradford Home,"7779 Bradford Drive, Goleta, Ca 93117",Goleta,CA,https://app.seniorplace.com/communities/show/2d1cd247-8820-4451-81d0-f13be0a2fc4d,https://placement-crm-cdn.s3.us-west-2.amazonaws.com/_entities/communities/cbc00a93e8f291af28c0045bbf0e6363.jpg,Assisted Living Home,
Casa Naomicathedral Oaks Home,"5618 Cathedral Oaks Road, Goleta, Ca 93117",Goleta,CA,https://app.seniorplace.com/communities/show/c663388c-1bc7-4425-91f4-c12793c780df,https://placement-crm-cdn.s3.us-west-2.amazonaws.com/_entities/communities/115c25d8ce5c271588168dc4f4edc99d.jpg,Assisted Living Home,
Casa Naomifairview Home,"6181 Verdura Avenue, Goleta, Ca 93117",Goleta,CA,https://app.seniorplace.com/communities/show/70df628f-8488-4f36-904d-c861e9c3c3c1,https://placement-crm-cdn.s3.us-west-2.amazonaws.com/_entities/communities/06b67917d2235563200b4a9d629f0449.jpg,Assisted Living Home,
Casa Palma,"13382 Kootenay Drive, Santa Ana, Ca 92705",Santa Ana,CA,https://app.seniorplace.com/communities/show/1684d561-d538-4cc4-9dc2-22d1c3a8c803,https://placement-crm-cdn.s3.us-west-2.amazonaws.com/_entities/communities/3bf17d6191536d1d0bb6af744f3e244b.jpg,Assisted Living Home,
Casa Pastel Care Home,"13348 Pastel Lane, Mountain View, Ca 94040",Mountain View,CA,https://app.seniorplace.com/communities/show/2cecf416-6221-4a16-9f69-1526d2b24ccc,https://placement-crm-cdn.s3.us-west-2.amazonaws.com/_entities/communities/f604a20aa06d2d0ef8a02df38a5ef864.jpg,Assisted Living Home,
Casa Paz,"5249 Batavia Road, South Gate, Ca 90280",South Gate,CA,https://app.seniorplace.com/communities/show/b8e371f0-ecbb-4a8a-9641-dcbafd174e4f,https://placement-crm-cdn.s3.us-west-2.amazonaws.com/_entities/communities/373603caf5b63b893fcaf823627c96ae.jpg,Assisted Living Home,
Casa Perez,"12158 Stuveling Street, Oak Hills, Ca 92344",Oak Hills,CA,https://app.seniorplace.com/communities/show/1d3fbd7c-02b8-479e-a58c-47f11fcdd0b4,https://placement-crm-cdn.s3.us-west-2.amazonaws.com/_entities/communities/91a0f31b259eae17d73c70f2a634791a.jpg,Assisted Living Home,
Casa Primavera,"848 Felicita Avenue, Spring Valley, Ca 91977",Spring Valley,CA,https://app.seniorplace.com/communities/show/7929fbc6-d4e0-4371-ad12-e940284cb5c2,https://placement-crm-cdn.s3.us-west-2.amazonaws.com/_entities/communities/d137aa9fc0a562aa6535bdd731100cab.jpg,Assisted Living Home,
Casa Quesada Ii,"2341 South Towner Street, Santa Ana, Ca 92707",Santa Ana,CA,https://app.seniorplace.com/communities/show/d0eb60d9-902b-4bf2-a939-fbecf6c3f80b,https://placement-crm-cdn.s3.us-west-2.amazonaws.com/_entities/communities/96c970145a119c6661c05db7d372e6e0.jpg,Assisted Living Home,
Chanze Adult Residential Facility,"1112 Sunnyside Drive, South San Francisco, Ca 94080",South San Francisco,CA,https://app.seniorplace.com/communities/show/041debdc-7ff5-4773-94ae-e43cd35f32e1,https://placement-crm-cdn.s3.us-west-2.amazonaws.com/_entities/communities/7315b6ddafa49b09471225deebd56b52.jpg,Assisted Living Home,
Chap Residential Care Facility,"29484 Camino Cristal, Menifee, Ca 92584",Menifee,CA,https://app.seniorplace.com/communities/show/9b1489d0-6e20-41c0-a196-1826ddcbb49c,https://placement-crm-cdn.s3.us-west-2.amazonaws.com/_entities/communities/c42bf6037f0a1a47bf7b942f49cdb12a.jpg,Assisted Living Home,
Chaparral Home Care,"7256 Volclay Drive, San Diego, Ca 92119",San Diego,CA,https://app.seniorplace.com/communities/show/178d6843-4196-4833-8b12-89e56a0c2db7,https://placement-crm-cdn.s3.us-west-2.amazonaws.com/_entities/communities/142c6070a5c9718e85fe6162e75782b9.jpg,Assisted Living Home,
Chapman Board Care,"10811 Chapman Avenue, Garden Grove, Ca 92840",Garden Grove,CA,https://app.seniorplace.com/communities/show/3ce3399a-1e9d-47ae-8560-73559bf76131,https://placement-crm-cdn.s3.us-west-2.amazonaws.com/_entities/communities/7179b3100b9fc4e3085898f41895ecf1.jpg,Assisted Living Home,
Chapman Residence,"638 North Chapman Street, West Covina, Ca 91790",West Covina,CA,https://app.seniorplace.com/communities/show/7b97aac7-699f-4b3b-b1f4-750ff5ad1298,https://placement-crm-cdn.s3.us-west-2.amazonaws.com/_entities/communities/66667b23e2f042f0b920070e92f089bd.jpg,Assisted Living Home,
Chapman Rose,"10461 Chapman Avenue, Garden Grove, Ca 92840",Garden Grove,CA,https://app.seniorplace.com/communities/show/e2246396-ad65-4391-929f-1d55b4f56d6c,https://placement-crm-cdn.s3.us-west-2.amazonaws.com/_entities/communities/23a587230d27eb5c7c7b083c794fef07.jpg,Assisted Living Home,
Chapters Rcfe,"24221 Chrisanta Drive, Mission Viejo, Ca 92691",Mission Viejo,CA,https://app.seniorplace.com/communities/show/b90b8ab2-b891-4986-aafe-847db9711ea4,https://placement-crm-cdn.s3.us-west-2.amazonaws.com/_entities/communities/d272e61f4d6d1d87d134f87400ab01c1.jpg,Assisted Living Home,
Charade Home,"1943 Charade Way, Redding, Ca 96003",Redding,CA,https://app.seniorplace.com/communities/show/867d18c6-6851-473b-ba55-8403a6499630,https://placement-crm-cdn.s3.us-west-2.amazonaws.com/_entities/communities/f980f577615ce51ebaa30666904ec3c1.jpg,Assisted Living Home,
Charibel Jose Care Home,"5831 Tree Hill Court, Sacramento, Ca 95841",Sacramento,CA,https://app.seniorplace.com/communities/show/06914627-76d4-444e-849f-5adcd1791d45,https://placement-crm-cdn.s3.us-west-2.amazonaws.com/_entities/communities/d4defa823e9629750ea544928a34c7c9.jpg,Assisted Living Home,
Charis Chateau,"10231 Dewey Drive, Garden Grove, Ca 92840",Garden Grove,CA,https://app.seniorplace.com/communities/show/27795cb3-df5d-4bee-8ae7-785169b3c38a,https://placement-crm-cdn.s3.us-west-2.amazonaws.com/_entities/communities/99a550519147eb0771834a1c070c4789.jpg,Assisted Living Home,
Charitys Residence,"2933 Monterey Boulevard, Oakland, Ca 94602",Oakland,CA,https://app.seniorplace.com/communities/show/6680d298-4890-4b20-8265-a1ed0dffba49,https://placement-crm-cdn.s3.us-west-2.amazonaws.com/_entities/communities/8d76864abb2980905a4c153f2ef39259.jpg,Assisted Living Home,
Charles Shermans Home,"4613 Tippwood Way, Sacramento, Ca 95842",Sacramento,CA,https://app.seniorplace.com/communities/show/fe487b84-45b8-4b5a-a291-211de8920893,https://placement-crm-cdn.s3.us-west-2.amazonaws.com/_entities/communities/19b991b251fe72d3ab8dc86bc4bc810d.jpg,Assisted Living Home,
Charles Shermans Home Ii,"3211 Diggs Park Drive, Sacramento, Ca 95815",Sacramento,CA,https://app.seniorplace.com/communities/show/11f32fa6-8ef8-42a3-888f-3452c99aad3d,https://placement-crm-cdn.s3.us-west-2.amazonaws.com/_entities/communities/88bc2f634d5657ad987cf3c68f713da6.jpg,Assisted Living Home,
Charlies Angels Care Cac,"22598 Moralia Drive, Moreno Valley, Ca 92557",Moreno Valley,CA,https://app.seniorplace.com/communities/show/57f3c73c-979f-4791-90b7-fc67b42a5f0a,https://placement-crm-cdn.s3.us-west-2.amazonaws.com/_entities/communities/25e71349bb6f9c52db250480b255ee84.jpg,Assisted Living Home,
Charlines Adult Residential Facility Ii,"24956 Springbrook Way, Menifee, Ca 92584",Menifee,CA,https://app.seniorplace.com/communities/show/d9d91e36-3d2f-4cdc-a53e-8a2ffb25202a,https://placement-crm-cdn.s3.us-west-2.amazonaws.com/_entities/communities/d846a66214b3a0234e4280b4eaf32ade.jpg,Assisted Living Home,
Charlottes Place,"4262 North Glenn Avenue, Fresno, Ca 93704",Fresno,CA,https://app.seniorplace.com/communities/show/64709f7b-d59c-43e5-8b58-5e73e38471b1,https://placement-crm-cdn.s3.us-west-2.amazonaws.com/_entities/communities/0c81d53f14a9e572db5b567dcb0ec2ea.jpg,Assisted Living Home,
Charlou Guest Home Iv,"247 South Brentwood Place, Anaheim, Ca 92804",Anaheim,CA,https://app.seniorplace.com/communities/show/22d70592-2954-4c74-a152-fdf16f04244f,https://placement-crm-cdn.s3.us-west-2.amazonaws.com/_entities/communities/35a6ee412c800cdf8de0d2b65f0dcddd.jpg,Assisted Living Home,
