ID,Title,seniorplace_url,seniorly_url,Slug,Original_Dash2_Slug,Content,Permalink
6742,IMG_9898,field_68af89a6f8692,https://www.seniorly.com/assisted-living/arizona/goodyear/a-paradise-for-parent-s-senior-living-llc,a-paradise-for-parents-senior-living,a-paradise-for-parents-senior-living-2,"A Paradise For Parent's Senior Living is a thoughtfully designed residence focused on quality living for seniors. Amenities include air conditioning, all day dining, allergy-sensitive, offering convenience and ease. Here, community and compassion go hand in hand.",https://aplaceforseniorscms.kinsta.cloud/listing/a-paradise-for-parents-senior-living-2/
6768,,field_68af89a6f8692,https://www.seniorly.com/assisted-living/arizona/phoenix/abracadabra-assisted-living-2,abracadabra-assisted-living,abracadabra-assisted-living-2,"At Abracadabra Assisted Living 2, residents find a supportive environment that puts well-being first. Amenities include all day dining, allergy-sensitive, community-sponsored activities, offering convenience and ease. Everything is centered around comfort, dignity, and personalized support.",https://aplaceforseniorscms.kinsta.cloud/listing/abracadabra-assisted-living-2/
6822,,field_68af89a6f8692,https://www.seniorly.com/assisted-living/arizona/chandler/ageless-angels-alh-2,ageless-angels-alh,ageless-angels-alh-2,"At Ageless Angels ALH 2, residents find a supportive environment that puts well-being first. Amenities include all day dining, allergy-sensitive, community-sponsored activities, offering convenience and ease. It's a place where thoughtful care meets everyday comfort.",https://aplaceforseniorscms.kinsta.cloud/listing/ageless-angels-alh-2/
6849,,field_68af89a6f8692,https://www.seniorly.com/assisted-living/arizona/scottsdale/aloha-assisted-living-scottsdale,aloha-assisted-living,aloha-assisted-living-2,"Aloha Assisted Living creates a space where seniors can feel secure and cared for. Amenities include all day dining, allergy-sensitive, community-sponsored activities, offering convenience and ease. Designed to promote independence while providing just the right level of assistance.",https://aplaceforseniorscms.kinsta.cloud/listing/aloha-assisted-living-2/
6872,ambience-care-home-2-living-3,field_68af89a6f8692,https://www.seniorly.com/assisted-living/arizona/peoria/ambience-care-home-2,ambience-care-home,ambience-care-home-2,"Ambience Care Home 2 is a thoughtfully designed residence focused on quality living for seniors. Amenities include all day dining, allergy-sensitive, community-sponsored activities, offering convenience and ease. Everything is centered around comfort, dignity, and personalized support.",https://aplaceforseniorscms.kinsta.cloud/listing/ambience-care-home-2/
6965,,field_68af89a6f8692,https://www.seniorly.com/assisted-living/arizona/mesa/armada-care-homes-mesa,armada-care-homes,armada-care-homes-2,"Armada Care Homes is a thoughtfully designed residence focused on quality living for seniors. Amenities include all day dining, allergy-sensitive, community-sponsored activities, offering convenience and ease. Everything is centered around comfort, dignity, and personalized support.",https://aplaceforseniorscms.kinsta.cloud/listing/armada-care-homes-2/
7095,,field_68af89a6f8692,https://www.seniorly.com/assisted-living/arizona/phoenix/best-care-home-of-moon-valley-llc-phoenix,best-care-home-of-moon-valley,best-care-home-of-moon-valley-2,"Best Care Home Of Moon Valley is a welcoming place for older adults to feel at home. Amenities include all day dining, allergy-sensitive, community-sponsored activities, offering convenience and ease. From daily routines to special moments, residents are supported every step of the way.",https://aplaceforseniorscms.kinsta.cloud/listing/best-care-home-of-moon-valley-2/
7237,,field_68af89a6f8692,https://www.seniorly.com/assisted-living/arizona/phoenix/casa-de-vida-living-phoenix,casa-de-vida-living,casa-de-vida-living-2,"Casa De Vida Living creates a space where seniors can feel secure and cared for. Amenities include all day dining, allergy-sensitive, community-sponsored activities, offering convenience and ease. Designed to promote independence while providing just the right level of assistance.",https://aplaceforseniorscms.kinsta.cloud/listing/casa-de-vida-living-2/
7355,,field_68af89a6f8692,https://www.seniorly.com/assisted-living/arizona/mesa/crismon-peaks-assisted-living-llc,crismon-peaks-assisted-living,crismon-peaks-assisted-living-2,"Crismon Peaks Assisted Living is a thoughtfully designed residence focused on quality living for seniors. Amenities include all day dining, allergy-sensitive, community-sponsored activities, offering convenience and ease. It's a place where thoughtful care meets everyday comfort.",https://aplaceforseniorscms.kinsta.cloud/listing/crismon-peaks-assisted-living-2/
7409,,field_68af89a6f8692,https://www.seniorly.com/assisted-living/arizona/scottsdale/desert-jewel-at-orange-tree,desert-jewel-at-orange-tree,desert-jewel-at-orange-tree-2,"Desert Jewel At Orange Tree is a welcoming place for older adults to feel at home. Amenities include all day dining, allergy-sensitive, community-sponsored activities, offering convenience and ease. From daily routines to special moments, residents are supported every step of the way.",https://aplaceforseniorscms.kinsta.cloud/listing/desert-jewel-at-orange-tree-2/
7692,,field_68af89a6f8692,https://www.seniorly.com/assisted-living/arizona/glendale/firebird-assisted-living-2,firebird-assisted-living,firebird-assisted-living-2,"Firebird Assisted Living 2 creates a space where seniors can feel secure and cared for. Amenities include all day dining, allergy-sensitive, community-sponsored activities, offering convenience and ease. Designed to promote independence while providing just the right level of assistance.",https://aplaceforseniorscms.kinsta.cloud/listing/firebird-assisted-living-2/
7712,,field_68af89a6f8692,https://www.seniorly.com/assisted-living/arizona/mesa/flomarie-love-care-home-2,flomarie-love-care-home,flomarie-love-care-home-2,"Flomarie Love & Care Home 2 creates a space where seniors can feel secure and cared for. Amenities include all day dining, allergy-sensitive, community-sponsored activities, offering convenience and ease. Everything is centered around comfort, dignity, and personalized support.",https://aplaceforseniorscms.kinsta.cloud/listing/flomarie-love-care-home-2/
7922,,field_68af89a6f8692,https://www.seniorly.com/assisted-living/arizona/tucson/grandma-s-angel-2,grandmas-angel,grandmas-angel-2,"Grandma's Angel 2 creates a space where seniors can feel secure and cared for. Amenities include all day dining, allergy-sensitive, community-sponsored activities, offering convenience and ease. Designed to promote independence while providing just the right level of assistance.",https://aplaceforseniorscms.kinsta.cloud/listing/grandmas-angel-2/
8096,,field_68af89a6f8692,https://www.seniorly.com/assisted-living/arizona/gilbert/higley-house-care-home-llc,higley-house-care-home,higley-house-care-home-2,"Higley House Care Home creates a space where seniors can feel secure and cared for. Amenities include all day dining, allergy-sensitive, community-sponsored activities, offering convenience and ease. Here, community and compassion go hand in hand.",https://aplaceforseniorscms.kinsta.cloud/listing/higley-house-care-home-2/
8117,,field_68af89a6f8692,https://www.seniorly.com/assisted-living/arizona/chandler/holy-name-assisted-living-2,holy-name-assisted-living,holy-name-assisted-living-2,"Holy Name Assisted Living 2 offers a peaceful setting where residents can enjoy day-to-day life comfortably. Amenities include all day dining, allergy-sensitive, community-sponsored activities, offering convenience and ease. Here, community and compassion go hand in hand.",https://aplaceforseniorscms.kinsta.cloud/listing/holy-name-assisted-living-2/
8150,,field_68af89a6f8692,https://www.seniorly.com/assisted-living/arizona/scottsdale/horizon-manor-2,horizon-manor,horizon-manor-2,"Horizon Manor 2 is a welcoming place for older adults to feel at home. Amenities include all day dining, allergy-sensitive, community-sponsored activities, offering convenience and ease. Designed to promote independence while providing just the right level of assistance.",https://aplaceforseniorscms.kinsta.cloud/listing/horizon-manor-2/
8269,jolley-family-assisted-living-llc-bedroom-1,field_68af89a6f8692,https://www.seniorly.com/assisted-living/arizona/buckeye/jolley-family-assisted-living-llc,jolley-family-assisted-living,jolley-family-assisted-living-2,"At Jolley Family Assisted Living, residents find a supportive environment that puts well-being first. Amenities include all day dining, allergy-sensitive, community-sponsored activities, offering convenience and ease. From daily routines to special moments, residents are supported every step of the way.",https://aplaceforseniorscms.kinsta.cloud/listing/jolley-family-assisted-living-2/
8370,,field_68af89a6f8692,https://www.seniorly.com/assisted-living/arizona/mesa/lakeview-assisted-living-home-llc,lakeview-assisted-living,lakeview-assisted-living-2,"At Lakeview Assisted Living, residents find a supportive environment that puts well-being first. Amenities include all day dining, allergy-sensitive, community-sponsored activities, offering convenience and ease. Designed to promote independence while providing just the right level of assistance.",https://aplaceforseniorscms.kinsta.cloud/listing/lakeview-assisted-living-2/
8477,Lifestream-At-Youngtown_10,field_68af89a6f8692,https://www.seniorly.com/assisted-living/arizona/youngtown/lifestream-at-youngtown,lifestream-at-youngtown,lifestream-at-youngtown-2,"Lifestream At Youngtown offers a peaceful setting where residents can enjoy day-to-day life comfortably. Amenities include all day dining, allergy-sensitive, arts room, offering convenience and ease. It's a place where thoughtful care meets everyday comfort.",https://aplaceforseniorscms.kinsta.cloud/listing/lifestream-at-youngtown-2/
8632,,field_68af89a6f8692,https://www.seniorly.com/assisted-living/arizona/tucson/mary-pete-s-assisted-living,mary-petes-assisted-living,mary-petes-assisted-living-2,"At Mary & Pete's Assisted Living, residents find a supportive environment that puts well-being first. Amenities include all day dining, allergy-sensitive, community-sponsored activities, offering convenience and ease. It's a place where thoughtful care meets everyday comfort.",https://aplaceforseniorscms.kinsta.cloud/listing/mary-petes-assisted-living-2/
8715,,field_68af89a6f8692,https://www.seniorly.com/assisted-living/arizona/glendale/miramonte-alh,miramonte-alh,miramonte-alh-2,"Miramonte Alh creates a space where seniors can feel secure and cared for. Amenities include all day dining, allergy-sensitive, community-sponsored activities, offering convenience and ease. From daily routines to special moments, residents are supported every step of the way.",https://aplaceforseniorscms.kinsta.cloud/listing/miramonte-alh-2/
8781,,field_68af89a6f8692,https://www.seniorly.com/assisted-living/arizona/mesa/golden-years-care-home-llc-mesa,mountain-view-carehome,mountain-view-carehome-2,"Mountain View Carehome offers a peaceful setting where residents can enjoy day-to-day life comfortably. Amenities include all day dining, allergy-sensitive, community-sponsored activities, offering convenience and ease. It's a place where thoughtful care meets everyday comfort.",https://aplaceforseniorscms.kinsta.cloud/listing/mountain-view-carehome-2/
8942,,field_68af89a6f8692,https://www.seniorly.com/assisted-living/arizona/cornville/page-springs-living-cornville,page-springs-living,page-springs-living-2,"At Page Springs Living, residents find a supportive environment that puts well-being first. Amenities include all day dining, allergy-sensitive, community-sponsored activities, offering convenience and ease. Here, community and compassion go hand in hand.",https://aplaceforseniorscms.kinsta.cloud/listing/page-springs-living-2/
9254,,field_68af89a6f8692,https://www.seniorly.com/assisted-living/arizona/glendale/rejoice-assisted-living-home-2,rejoice-assisted-living,rejoice-assisted-living-2,"At Rejoice Assisted Living 2, residents find a supportive environment that puts well-being first. Amenities include all day dining, allergy-sensitive, community-sponsored activities, offering convenience and ease. Here, community and compassion go hand in hand.",https://aplaceforseniorscms.kinsta.cloud/listing/rejoice-assisted-living-2/
9615,,field_68af89a6f8692,https://www.seniorly.com/assisted-living/arizona/chandler/st-therese-care-home-2,st-therese-care-home,st-therese-care-home-2,"At St Therese Care Home 2, residents find a supportive environment that puts well-being first. Amenities include all day dining, allergy-sensitive, community-sponsored activities, offering convenience and ease. Here, community and compassion go hand in hand.",https://aplaceforseniorscms.kinsta.cloud/listing/st-therese-care-home-2/
9751,sunrise-care-homes-sunnyvale-front-1,field_68af89a6f8692,https://www.seniorly.com/assisted-living/arizona/paradise-valley/sunrise-care-homes-sunnyvale,sunrise-care-homes-sunnyvale,sunrise-care-homes-sunnyvale-2,"Sunrise Care Homes Sunnyvale is a thoughtfully designed residence focused on quality living for seniors. Amenities include all day dining, allergy-sensitive, community-sponsored activities, offering convenience and ease. Everything is centered around comfort, dignity, and personalized support.",https://aplaceforseniorscms.kinsta.cloud/listing/sunrise-care-homes-sunnyvale-2/
9861,IMG_4376,field_68af89a6f8692,https://www.seniorly.com/assisted-living/arizona/peoria/the-forum-at-desert-harbor,the-forum-at-desert-harbor,the-forum-at-desert-harbor-2,"At The Forum At Desert Harbor, residents find a supportive environment that puts well-being first. Amenities include air conditioning, all day dining, allergy-sensitive, offering convenience and ease. From daily routines to special moments, residents are supported every step of the way.",https://aplaceforseniorscms.kinsta.cloud/listing/the-forum-at-desert-harbor-2/
10276,Birdseye-View-2048x1150,field_68af89a6f8692,https://www.seniorly.com/assisted-living/arizona/phoenix/the-enclave-at-anthem-senior-living,the-enclave-at-anthem-senior-living,the-enclave-at-anthem-senior-living-2,"The Enclave at Anthem Senior Living creates a space where seniors can feel secure and cared for. Amenities include air conditioning, all day dining, allergy-sensitive, offering convenience and ease. From daily routines to special moments, residents are supported every step of the way.",https://aplaceforseniorscms.kinsta.cloud/listing/the-enclave-at-anthem-senior-living-2/
10277,,field_68af89a6f8692,https://www.seniorly.com/assisted-living/arizona/phoenix/anthem-senior-living,anthem-senior-living,anthem-senior-living-2,"At Anthem Senior Living, residents find a supportive environment that puts well-being first. Amenities include all day dining, allergy-sensitive, community-sponsored activities, offering convenience and ease. It's a place where thoughtful care meets everyday comfort.",https://aplaceforseniorscms.kinsta.cloud/listing/anthem-senior-living-2/
10281,,field_68af89a6f8692,https://www.seniorly.com/assisted-living/arizona/phoenix/danina-s-care-home-l-l-c,daninas-care-home,daninas-care-home-2,"Danina's Care Home offers a peaceful setting where residents can enjoy day-to-day life comfortably. Amenities include all day dining, allergy-sensitive, community-sponsored activities, offering convenience and ease. It's a place where thoughtful care meets everyday comfort.",https://aplaceforseniorscms.kinsta.cloud/listing/daninas-care-home-2/
10300,,field_68af89a6f8692,https://www.seniorly.com/assisted-living/arizona/glendale/aging-gracefully,aging-gracefully,aging-gracefully-2,"Aging Gracefully is a thoughtfully designed residence focused on quality living for seniors. Amenities include all day dining, allergy-sensitive, community-sponsored activities, offering convenience and ease. It's a place where thoughtful care meets everyday comfort.",https://aplaceforseniorscms.kinsta.cloud/listing/aging-gracefully-2/
10305,ArborRoseSeniorCare_Photos_01_Seniorly,field_68af89a6f8692,https://www.seniorly.com/assisted-living/arizona/mesa/arbor-rose-senior-care,arbor-rose-senior-care,arbor-rose-senior-care-2,"Arbor Rose Senior Care creates a space where seniors can feel secure and cared for. Amenities include activity room, air conditioning, all day dining, offering convenience and ease. Everything is centered around comfort, dignity, and personalized support.",https://aplaceforseniorscms.kinsta.cloud/listing/arbor-rose-senior-care-2/
10312,Screen-Shot-2022-12-24-at-10.07.19-AM,field_68af89a6f8692,https://www.seniorly.com/assisted-living/arizona/mesa/heritage-village-6-llc,heritage-village-assisted-living,heritage-village-assisted-living-2,"Heritage Village Assisted Living is a welcoming place for older adults to feel at home. Amenities include all day dining, allergy-sensitive, arts room, offering convenience and ease. Everything is centered around comfort, dignity, and personalized support.",https://aplaceforseniorscms.kinsta.cloud/listing/heritage-village-assisted-living-2/
10320,Peaceful20And20Comfort20Assisted20Living20Home2001,field_68af89a6f8692,https://www.seniorly.com/assisted-living/arizona/mesa/peaceful-and-comfort-assisted-living-home,peaceful-and-comfort-assisted-living,peaceful-and-comfort-assisted-living-2,"Peaceful And Comfort Assisted Living offers a peaceful setting where residents can enjoy day-to-day life comfortably. Amenities include all day dining, allergy-sensitive, community-sponsored activities, offering convenience and ease. It's a place where thoughtful care meets everyday comfort.",https://aplaceforseniorscms.kinsta.cloud/listing/peaceful-and-comfort-assisted-living-2/
10322,Reflections20At20Fellowship20Square20Mesa_Photos_02_Seniorly,field_68af89a6f8692,https://www.seniorly.com/assisted-living/arizona/mesa/reflections-at-fellowship-square-mesa,reflections-at-fellowship-square-mesa,reflections-at-fellowship-square-mesa-2,"Reflections At Fellowship Square Mesa is a thoughtfully designed residence focused on quality living for seniors. Amenities include all day dining, allergy-sensitive, arts room, offering convenience and ease. Designed to promote independence while providing just the right level of assistance.",https://aplaceforseniorscms.kinsta.cloud/listing/reflections-at-fellowship-square-mesa-2/
10334,,field_68af89a6f8692,https://www.seniorly.com/assisted-living/arizona/mesa/doctor-s-choice-assisted-living,doctors-choice-assisted-living,doctors-choice-assisted-living-2,"Doctor's Choice Assisted Living offers a peaceful setting where residents can enjoy day-to-day life comfortably. Amenities include all day dining, allergy-sensitive, community-sponsored activities, offering convenience and ease. Here, community and compassion go hand in hand.",https://aplaceforseniorscms.kinsta.cloud/listing/doctors-choice-assisted-living-2/
10337,,field_68af89a6f8692,https://www.seniorly.com/assisted-living/arizona/mesa/christ-centered-care-assisted-living,christcentered-care-assisted-living,christcentered-care-assisted-living-2,"Christ-Centered Care Assisted Living offers a peaceful setting where residents can enjoy day-to-day life comfortably. Amenities include all day dining, allergy-sensitive, community-sponsored activities, offering convenience and ease. Everything is centered around comfort, dignity, and personalized support.",https://aplaceforseniorscms.kinsta.cloud/listing/christcentered-care-assisted-living-2/
10341,,field_68af89a6f8692,https://www.seniorly.com/assisted-living/arizona/mesa/eden-adult-care-facility-inc-1625-north-72nd-street-mesa,eden-adult-care-facility,eden-adult-care-facility-2,"Eden Adult Care Facility is a thoughtfully designed residence focused on quality living for seniors. Amenities include all day dining, allergy-sensitive, community-sponsored activities, offering convenience and ease. It's a place where thoughtful care meets everyday comfort.",https://aplaceforseniorscms.kinsta.cloud/listing/eden-adult-care-facility-2/
10345,,field_68af89a6f8692,https://www.seniorly.com/assisted-living/arizona/mesa/home-sweet-home-mesa,home-sweet-home,home-sweet-home-2,"Home Sweet Home is a welcoming place for older adults to feel at home. Amenities include all day dining, allergy-sensitive, community-sponsored activities, offering convenience and ease. It's a place where thoughtful care meets everyday comfort.",https://aplaceforseniorscms.kinsta.cloud/listing/home-sweet-home-2/
10347,,field_68af89a6f8692,https://www.seniorly.com/assisted-living/arizona/higley/crystal-cove-home-care-ii,crystal-cove-home-care-ii,crystal-cove-home-care-ii-2,"Crystal Cove Home Care II offers a peaceful setting where residents can enjoy day-to-day life comfortably. Amenities include all day dining, allergy-sensitive, community-sponsored activities, offering convenience and ease. Everything is centered around comfort, dignity, and personalized support.",https://aplaceforseniorscms.kinsta.cloud/listing/crystal-cove-home-care-ii-2/
10353,LegacyHouseAvondale_Photos_01_Seniorly,field_68af89a6f8692,https://www.seniorly.com/assisted-living/arizona/avondale/legacy-house-avondale,legacy-house-of-avondale,legacy-house-of-avondale-2,"Legacy House of Avondale offers a peaceful setting where residents can enjoy day-to-day life comfortably. Amenities include activity room, air conditioning, all day dining, offering convenience and ease. Designed to promote independence while providing just the right level of assistance.",https://aplaceforseniorscms.kinsta.cloud/listing/legacy-house-of-avondale-2/
10354,HaciendaDelRey_Photos_04_Seniorly,field_68af89a6f8692,https://www.seniorly.com/assisted-living/arizona/litchfield-park/hacienda-del-rey,hacienda-del-rey,hacienda-del-rey-2,"Hacienda Del Rey offers a peaceful setting where residents can enjoy day-to-day life comfortably. Amenities include air conditioning, all day dining, allergy-sensitive, offering convenience and ease. From daily routines to special moments, residents are supported every step of the way.",https://aplaceforseniorscms.kinsta.cloud/listing/hacienda-del-rey-2/
10365,,field_68af89a6f8692,https://www.seniorly.com/assisted-living/arizona/tolleson/amani-adult-care-home-2,amani-adult-care-home,amani-adult-care-home-2,"Amani Adult Care Home 2 creates a space where seniors can feel secure and cared for. Amenities include all day dining, allergy-sensitive, community-sponsored activities, offering convenience and ease. Here, community and compassion go hand in hand.",https://aplaceforseniorscms.kinsta.cloud/listing/amani-adult-care-home-2/
10366,,field_68af89a6f8692,https://www.seniorly.com/assisted-living/arizona/goodyear/the-atienzo-s-loving-care-assisted-living-home-2,the-atienzos-loving-care-assisted-living,the-atienzos-loving-care-assisted-living-2,"The Atienzo's Loving Care Assisted Living 2 is a welcoming place for older adults to feel at home. Amenities include all day dining, allergy-sensitive, community-sponsored activities, offering convenience and ease. Everything is centered around comfort, dignity, and personalized support.",https://aplaceforseniorscms.kinsta.cloud/listing/the-atienzos-loving-care-assisted-living-2/
10379,,field_68af89a6f8692,https://www.seniorly.com/assisted-living/arizona/litchfield-park/litchfield-terrace-assisted-living-home,litchfield-terrace-assisted-living,litchfield-terrace-assisted-living-2,"Litchfield Terrace Assisted Living is a welcoming place for older adults to feel at home. Amenities include all day dining, allergy-sensitive, community-sponsored activities, offering convenience and ease. Designed to promote independence while providing just the right level of assistance.",https://aplaceforseniorscms.kinsta.cloud/listing/litchfield-terrace-assisted-living-2/
10389,,field_68af89a6f8692,https://www.seniorly.com/assisted-living/arizona/buckeye/morning-glory-2,morning-glory,morning-glory-2,"Morning Glory 2 creates a space where seniors can feel secure and cared for. Amenities include all day dining, allergy-sensitive, community-sponsored activities, offering convenience and ease. Here, community and compassion go hand in hand.",https://aplaceforseniorscms.kinsta.cloud/listing/morning-glory-2/
10400,,field_68af89a6f8692,https://www.seniorly.com/assisted-living/arizona/buckeye/in-angel-arms-llc,in-angel-arms,in-angel-arms-2,"In Angel Arms creates a space where seniors can feel secure and cared for. Amenities include all day dining, allergy-sensitive, community-sponsored activities, offering convenience and ease. Everything is centered around comfort, dignity, and personalized support.",https://aplaceforseniorscms.kinsta.cloud/listing/in-angel-arms-2/
10407,RainbowAcres_photo_04_seniorly,field_68af89a6f8692,https://www.seniorly.com/assisted-living/arizona/camp-verde/rainbow-acres,rainbow-acres,rainbow-acres-2,"At Rainbow Acres, residents find a supportive environment that puts well-being first. Amenities include activity room, air conditioning, all day dining, offering convenience and ease. Everything is centered around comfort, dignity, and personalized support.",https://aplaceforseniorscms.kinsta.cloud/listing/rainbow-acres-2/
10411,IMG_4214new,field_68af89a6f8692,https://www.seniorly.com/assisted-living/arizona/scottsdale/clearwater-pinnacle-peak,clearwater-pinnacle-peak,clearwater-pinnacle-peak-2,"At Clearwater Pinnacle Peak, residents find a supportive environment that puts well-being first. Amenities include activity room, air conditioning, all day dining, offering convenience and ease. Everything is centered around comfort, dignity, and personalized support.",https://aplaceforseniorscms.kinsta.cloud/listing/clearwater-pinnacle-peak-2/
10418,,field_68af89a6f8692,https://www.seniorly.com/assisted-living/arizona/scottsdale/carefree-assisted-living-home,carefree-assisted-living,carefree-assisted-living-2,"Carefree Assisted Living creates a space where seniors can feel secure and cared for. Amenities include all day dining, allergy-sensitive, community-sponsored activities, offering convenience and ease. Here, community and compassion go hand in hand.",https://aplaceforseniorscms.kinsta.cloud/listing/carefree-assisted-living-2/
10434,inspirations-of-tempe-courtyard,field_68af89a6f8692,https://www.seniorly.com/assisted-living/arizona/tempe/inspirations-of-tempe,inspirations-of-tempe,inspirations-of-tempe-2,"Inspirations Of Tempe offers a peaceful setting where residents can enjoy day-to-day life comfortably. Amenities include activity room, air conditioning, all day dining, offering convenience and ease. Everything is centered around comfort, dignity, and personalized support.",https://aplaceforseniorscms.kinsta.cloud/listing/inspirations-of-tempe-2/
10436,fellowship-square-historic-mesa-mesa_01_sly_high_res_,field_68af89a6f8692,https://www.seniorly.com/assisted-living/arizona/mesa/fellowship-square-historic-mesa,fellowship-square-historic-mesa,fellowship-square-historic-mesa-2,"Fellowship Square Historic Mesa is a thoughtfully designed residence focused on quality living for seniors. Amenities include activity room, air conditioning, all day dining, offering convenience and ease. Designed to promote independence while providing just the right level of assistance.",https://aplaceforseniorscms.kinsta.cloud/listing/fellowship-square-historic-mesa-2/
10438,Screen-Shot-2023-01-16-at-10.55.12-AM,field_68af89a6f8692,https://www.seniorly.com/assisted-living/arizona/phoeniz/clearwater-ahwatukee,clearwater-ahwatukee,clearwater-ahwatukee-2,"Clearwater Ahwatukee creates a space where seniors can feel secure and cared for. Amenities include activity room, air conditioning, all day dining, offering convenience and ease. Designed to promote independence while providing just the right level of assistance.",https://aplaceforseniorscms.kinsta.cloud/listing/clearwater-ahwatukee-2/
10442,IMG_4493,field_68af89a6f8692,https://www.seniorly.com/assisted-living/arizona/gilbert/livgenerations-agritopia,clearwater-agritopia,clearwater-agritopia-2,"Clearwater Agritopia offers a peaceful setting where residents can enjoy day-to-day life comfortably. Amenities include activity room, air conditioning, all day dining, offering convenience and ease. Designed to promote independence while providing just the right level of assistance.",https://aplaceforseniorscms.kinsta.cloud/listing/clearwater-agritopia-2/
10453,,field_68af89a6f8692,https://www.seniorly.com/assisted-living/arizona/chandler/desert-stream-assisted-living-home-2,desert-stream-assisted-living,desert-stream-assisted-living-2,"At Desert Stream Assisted Living 2, residents find a supportive environment that puts well-being first. Amenities include all day dining, allergy-sensitive, community-sponsored activities, offering convenience and ease. Here, community and compassion go hand in hand.",https://aplaceforseniorscms.kinsta.cloud/listing/desert-stream-assisted-living-2/
10465,,field_68af89a6f8692,https://www.seniorly.com/assisted-living/arizona/chandler/magic-touch-adult-care,magic-touch-adult-care,magic-touch-adult-care-2,"Magic Touch Adult Care creates a space where seniors can feel secure and cared for. Amenities include all day dining, allergy-sensitive, community-sponsored activities, offering convenience and ease. From daily routines to special moments, residents are supported every step of the way.",https://aplaceforseniorscms.kinsta.cloud/listing/magic-touch-adult-care-2/
10477,,field_68af89a6f8692,https://www.seniorly.com/assisted-living/arizona/chandler/archangel-assisted-living,archangel-assisted-living,archangel-assisted-living-2,"Archangel Assisted Living creates a space where seniors can feel secure and cared for. Amenities include all day dining, allergy-sensitive, community-sponsored activities, offering convenience and ease. It's a place where thoughtful care meets everyday comfort.",https://aplaceforseniorscms.kinsta.cloud/listing/archangel-assisted-living-2/
10481,,field_68af89a6f8692,https://www.seniorly.com/assisted-living/arizona/chandler/desert-palace-assisted-living,desert-palace-assisted-living,desert-palace-assisted-living-2,"At Desert Palace Assisted Living, residents find a supportive environment that puts well-being first. Amenities include all day dining, allergy-sensitive, community-sponsored activities, offering convenience and ease. From daily routines to special moments, residents are supported every step of the way.",https://aplaceforseniorscms.kinsta.cloud/listing/desert-palace-assisted-living-2/
10486,,field_68af89a6f8692,https://www.seniorly.com/assisted-living/arizona/chandler/casa-aplaya-2,casa-aplaya,casa-aplaya-2,"Casa Aplaya 2 creates a space where seniors can feel secure and cared for. Amenities include all day dining, allergy-sensitive, community-sponsored activities, offering convenience and ease. It's a place where thoughtful care meets everyday comfort.",https://aplaceforseniorscms.kinsta.cloud/listing/casa-aplaya-2/
10494,,field_68af89a6f8692,https://www.seniorly.com/assisted-living/arizona/chandler/kiran-manor,kiran-manor,kiran-manor-2,"Kiran Manor offers a peaceful setting where residents can enjoy day-to-day life comfortably. Amenities include all day dining, allergy-sensitive, community-sponsored activities, offering convenience and ease. From daily routines to special moments, residents are supported every step of the way.",https://aplaceforseniorscms.kinsta.cloud/listing/kiran-manor-2/
10509,,field_68af89a6f8692,https://www.seniorly.com/assisted-living/arizona/chandler/desert-palm-2,desert-palm,desert-palm-2,"Desert Palm 2 is a thoughtfully designed residence focused on quality living for seniors. Amenities include all day dining, allergy-sensitive, community-sponsored activities, offering convenience and ease. Everything is centered around comfort, dignity, and personalized support.",https://aplaceforseniorscms.kinsta.cloud/listing/desert-palm-2/
10512,,field_68af89a6f8692,https://www.seniorly.com/assisted-living/arizona/chandler/mercy-s-care-home-i,mercys-care-home-i,mercys-care-home-i-2,"At Mercy's Care Home I, residents find a supportive environment that puts well-being first. Amenities include all day dining, allergy-sensitive, community-sponsored activities, offering convenience and ease. Here, community and compassion go hand in hand.",https://aplaceforseniorscms.kinsta.cloud/listing/mercys-care-home-i-2/
10541,,field_68af89a6f8692,https://www.seniorly.com/assisted-living/arizona/mesa/monte-manor-assisted-living,monte-manor-assisted-living,monte-manor-assisted-living-2,"Monte Manor Assisted Living offers a peaceful setting where residents can enjoy day-to-day life comfortably. Amenities include all day dining, allergy-sensitive, community-sponsored activities, offering convenience and ease. From daily routines to special moments, residents are supported every step of the way.",https://aplaceforseniorscms.kinsta.cloud/listing/monte-manor-assisted-living-2/
10563,,field_68af89a6f8692,https://www.seniorly.com/assisted-living/arizona/mesa/comfort-haven-of-mesa,comfort-haven-of-mesa,comfort-haven-of-mesa-2,"Comfort Haven Of Mesa offers a peaceful setting where residents can enjoy day-to-day life comfortably. Amenities include all day dining, allergy-sensitive, community-sponsored activities, offering convenience and ease. Everything is centered around comfort, dignity, and personalized support.",https://aplaceforseniorscms.kinsta.cloud/listing/comfort-haven-of-mesa-2/
10569,,field_68af89a6f8692,https://www.seniorly.com/assisted-living/arizona/gilbert/am-homes-2,am-homes,am-homes-2,"AM Homes 2 is a thoughtfully designed residence focused on quality living for seniors. Amenities include all day dining, allergy-sensitive, community-sponsored activities, offering convenience and ease. Designed to promote independence while providing just the right level of assistance.",https://aplaceforseniorscms.kinsta.cloud/listing/am-homes-2/
10586,,field_68af89a6f8692,https://www.seniorly.com/assisted-living/arizona/chandler-heights/young-family-care-homes-and-investments-llc,young-family-care-homes-and-investments,young-family-care-homes-and-investments-2,"Young Family Care Homes And Investments is a welcoming place for older adults to feel at home. Amenities include all day dining, allergy-sensitive, community-sponsored activities, offering convenience and ease. Here, community and compassion go hand in hand.",https://aplaceforseniorscms.kinsta.cloud/listing/young-family-care-homes-and-investments-2/
10589,,field_68af89a6f8692,https://www.seniorly.com/assisted-living/arizona/queen-creek/dayflower-care-home,dayflower-care-home,dayflower-care-home-2,"Dayflower Care Home is a welcoming place for older adults to feel at home. Amenities include all day dining, allergy-sensitive, community-sponsored activities, offering convenience and ease. Everything is centered around comfort, dignity, and personalized support.",https://aplaceforseniorscms.kinsta.cloud/listing/dayflower-care-home-2/
10590,,field_68af89a6f8692,https://www.seniorly.com/assisted-living/arizona/queen-creek/alder-leaf-assisted-living,alder-leaf-assisted-living,alder-leaf-assisted-living-2,"Alder Leaf Assisted Living is a welcoming place for older adults to feel at home. Amenities include all day dining, allergy-sensitive, community-sponsored activities, offering convenience and ease. It's a place where thoughtful care meets everyday comfort.",https://aplaceforseniorscms.kinsta.cloud/listing/alder-leaf-assisted-living-2/
10591,,field_68af89a6f8692,https://www.seniorly.com/assisted-living/arizona/san-tan-valley/acuna-at-morning-sun,acuna-at-morning-sun,acuna-at-morning-sun-2,"At Acuna at Morning Sun, residents find a supportive environment that puts well-being first. Amenities include all day dining, allergy-sensitive, community-sponsored activities, offering convenience and ease. It's a place where thoughtful care meets everyday comfort.",https://aplaceforseniorscms.kinsta.cloud/listing/acuna-at-morning-sun-2/
10600,,field_68af89a6f8692,https://www.seniorly.com/assisted-living/arizona/chandler/angels-wings-assisted-living-home,angels-wings-assisted-living,angels-wings-assisted-living-2,"At Angels Wings Assisted Living, residents find a supportive environment that puts well-being first. Amenities include all day dining, allergy-sensitive, community-sponsored activities, offering convenience and ease. Here, community and compassion go hand in hand.",https://aplaceforseniorscms.kinsta.cloud/listing/angels-wings-assisted-living-2/
10602,,field_68af89a6f8692,https://www.seniorly.com/assisted-living/arizona/san-tan-valley/harmony-adult-living-solution,harmony-adult-living-solution,harmony-adult-living-solution-2,"Harmony Adult Living Solution offers a peaceful setting where residents can enjoy day-to-day life comfortably. Amenities include all day dining, allergy-sensitive, community-sponsored activities, offering convenience and ease. Designed to promote independence while providing just the right level of assistance.",https://aplaceforseniorscms.kinsta.cloud/listing/harmony-adult-living-solution-2/
10606,,field_68af89a6f8692,https://www.seniorly.com/assisted-living/arizona/prescott/the-meadows-of-prescott-valley-llc,the-meadows-of-prescott-valley,the-meadows-of-prescott-valley-2,"The Meadows Of Prescott Valley offers a peaceful setting where residents can enjoy day-to-day life comfortably. Amenities include all day dining, allergy-sensitive, community-sponsored activities, offering convenience and ease. Everything is centered around comfort, dignity, and personalized support.",https://aplaceforseniorscms.kinsta.cloud/listing/the-meadows-of-prescott-valley-2/
10607,,field_68af89a6f8692,https://www.seniorly.com/assisted-living/arizona/prescott/circle-of-life-2,circle-of-life,circle-of-life-2,"At Circle Of Life 2, residents find a supportive environment that puts well-being first. Amenities include all day dining, allergy-sensitive, community-sponsored activities, offering convenience and ease. Designed to promote independence while providing just the right level of assistance.",https://aplaceforseniorscms.kinsta.cloud/listing/circle-of-life-2/
10608,,field_68af89a6f8692,https://www.seniorly.com/assisted-living/arizona/prescott/brookings,brookings,brookings-2,"Brookings creates a space where seniors can feel secure and cared for. Amenities include all day dining, allergy-sensitive, community-sponsored activities, offering convenience and ease. It's a place where thoughtful care meets everyday comfort.",https://aplaceforseniorscms.kinsta.cloud/listing/brookings-2/
10613,,field_68af89a6f8692,https://www.seniorly.com/assisted-living/arizona/cottonwood/mingus-terrace-assisted-living-home,mingus-terrace-assisted-living,mingus-terrace-assisted-living-2,"Mingus Terrace Assisted Living is a welcoming place for older adults to feel at home. Amenities include all day dining, allergy-sensitive, community-sponsored activities, offering convenience and ease. Everything is centered around comfort, dignity, and personalized support.",https://aplaceforseniorscms.kinsta.cloud/listing/mingus-terrace-assisted-living-2/
10628,,field_68af89a6f8692,https://www.seniorly.com/assisted-living/arizona/prescott-valley/arizona-angels-prescott-valley,arizona-angels,arizona-angels-2,"Arizona Angels creates a space where seniors can feel secure and cared for. Amenities include all day dining, allergy-sensitive, community-sponsored activities, offering convenience and ease. Designed to promote independence while providing just the right level of assistance.",https://aplaceforseniorscms.kinsta.cloud/listing/arizona-angels-2/
10634,IMG_4365,field_68af89a6f8692,https://www.seniorly.com/assisted-living/arizona/sun-city-west/the-heritage-tradition,the-heritage-tradition,the-heritage-tradition-2,"The Heritage Tradition is a welcoming place for older adults to feel at home. Amenities include activity room, air conditioning, all day dining, offering convenience and ease. From daily routines to special moments, residents are supported every step of the way.",https://aplaceforseniorscms.kinsta.cloud/listing/the-heritage-tradition-2/
10636,IMG_4397,field_68af89a6f8692,https://www.seniorly.com/assisted-living/arizona/peoria/ridges-at-peoria-senior-living,ridges-at-peoria,ridges-at-peoria-2,"Ridges at Peoria creates a space where seniors can feel secure and cared for. Amenities include activity room, air conditioning, all day dining, offering convenience and ease. Designed to promote independence while providing just the right level of assistance.",https://aplaceforseniorscms.kinsta.cloud/listing/ridges-at-peoria-2/
10651,cc-s-adult-care-inc-dining-3,field_68af89a6f8692,https://www.seniorly.com/assisted-living/arizona/surprise/cc-s-adult-care-inc,ccs-adult-care,ccs-adult-care-2,"At CC's Adult Care, residents find a supportive environment that puts well-being first. Amenities include all day dining, allergy-sensitive, community-sponsored activities, offering convenience and ease. It's a place where thoughtful care meets everyday comfort.",https://aplaceforseniorscms.kinsta.cloud/listing/ccs-adult-care-2/
10652,Royal20Oaks20Assisted20Living20Center_Photos_02_Seniorly,field_68af89a6f8692,https://www.seniorly.com/assisted-living/arizona/sun-city/royal-oaks-assisted-living-center,royal-oaks-assisted-living-center,royal-oaks-assisted-living-center-2,"At Royal Oaks Assisted Living Center, residents find a supportive environment that puts well-being first. Amenities include activity room, air conditioning, all day dining, offering convenience and ease. Designed to promote independence while providing just the right level of assistance.",https://aplaceforseniorscms.kinsta.cloud/listing/royal-oaks-assisted-living-center-2/
10654,ChaparralWindsAssistedLiving_Photos_03_Seniorly,field_68af89a6f8692,https://www.seniorly.com/assisted-living/arizona/surprise/chaparral-winds-assisted-living,chaparral-winds-assisted-living,chaparral-winds-assisted-living-2,"At Chaparral Winds Assisted Living, residents find a supportive environment that puts well-being first. Amenities include activity room, air conditioning, all day dining, offering convenience and ease. Designed to promote independence while providing just the right level of assistance.",https://aplaceforseniorscms.kinsta.cloud/listing/chaparral-winds-assisted-living-2/
10666,,field_68af89a6f8692,https://www.seniorly.com/assisted-living/arizona/fort-mohave/angel-s-touch-care-home,angels-touch-care-home,angels-touch-care-home-2,"Angel's Touch Care Home is a thoughtfully designed residence focused on quality living for seniors. Amenities include all day dining, allergy-sensitive, community-sponsored activities, offering convenience and ease. From daily routines to special moments, residents are supported every step of the way.",https://aplaceforseniorscms.kinsta.cloud/listing/angels-touch-care-home-2/
10668,Morningstar20Of20Fountain20Hills_Photos_01_Seniorly,field_68af89a6f8692,https://www.seniorly.com/assisted-living/arizona/fountain-hills/morning-star-of-fountain-hills,morningstar-of-fountain-hills,morningstar-of-fountain-hills-2,"MorningStar Of Fountain Hills is a thoughtfully designed residence focused on quality living for seniors. Amenities include activity room, air conditioning, all day dining, offering convenience and ease. Everything is centered around comfort, dignity, and personalized support.",https://aplaceforseniorscms.kinsta.cloud/listing/morningstar-of-fountain-hills-2/
10670,fountain-view-village-1-exterior-700_sly_high_res_,field_68af89a6f8692,https://www.seniorly.com/assisted-living/arizona/fountain-hills/fountain-view-village,fountain-view-village,fountain-view-village-2,"At Fountain View Village, residents find a supportive environment that puts well-being first. Amenities include activity room, air conditioning, all day dining, offering convenience and ease. Designed to promote independence while providing just the right level of assistance.",https://aplaceforseniorscms.kinsta.cloud/listing/fountain-view-village-2/
10676,,field_68af89a6f8692,https://www.seniorly.com/assisted-living/arizona/fountain-hills/fountainview-assisted-living-home,fountainview-assisted-living,fountainview-assisted-living-2,"Fountainview Assisted Living creates a space where seniors can feel secure and cared for. Amenities include all day dining, allergy-sensitive, community-sponsored activities, offering convenience and ease. Designed to promote independence while providing just the right level of assistance.",https://aplaceforseniorscms.kinsta.cloud/listing/fountainview-assisted-living-2/
10683,,field_68af89a6f8692,https://www.seniorly.com/assisted-living/arizona/scottsdale/liann-s-homes-2,lianns-homes,lianns-homes-2,"Liann's Homes 2 creates a space where seniors can feel secure and cared for. Amenities include all day dining, allergy-sensitive, community-sponsored activities, offering convenience and ease. From daily routines to special moments, residents are supported every step of the way.",https://aplaceforseniorscms.kinsta.cloud/listing/lianns-homes-2/
10702,chandler-post-acute-and-rehabilitationchandler-post-acute-and-rehabilitation-1-exterior-574,field_68af89a6f8692,https://www.seniorly.com/assisted-living/arizona/chandler/chandler-post-acute-and-rehabilitation,chandler-post-acute-and-rehabilitation,chandler-post-acute-and-rehabilitation-2,"Chandler Post Acute And Rehabilitation offers a peaceful setting where residents can enjoy day-to-day life comfortably. Amenities include accepted financial services, activity room, air conditioning, offering convenience and ease. Everything is centered around comfort, dignity, and personalized support.",https://aplaceforseniorscms.kinsta.cloud/listing/chandler-post-acute-and-rehabilitation-2/
10715,,field_68af89a6f8692,https://www.seniorly.com/assisted-living/arizona/glendale/hope-assisted-living-home-llc,hope-assisted-living,hope-assisted-living-2,"Hope Assisted Living is a thoughtfully designed residence focused on quality living for seniors. Amenities include all day dining, allergy-sensitive, community-sponsored activities, offering convenience and ease. It's a place where thoughtful care meets everyday comfort.",https://aplaceforseniorscms.kinsta.cloud/listing/hope-assisted-living-2/
10719,,field_68af89a6f8692,https://www.seniorly.com/assisted-living/arizona/glendale/new-reflections-adult-care-home,new-reflections-adult-care-home,new-reflections-adult-care-home-2,"New Reflections Adult Care Home is a thoughtfully designed residence focused on quality living for seniors. Amenities include all day dining, allergy-sensitive, community-sponsored activities, offering convenience and ease. Designed to promote independence while providing just the right level of assistance.",https://aplaceforseniorscms.kinsta.cloud/listing/new-reflections-adult-care-home-2/
10739,,field_68af89a6f8692,https://www.seniorly.com/assisted-living/arizona/glendale/sunrise-adult-care-home-2-glendale,sunrise-adult-care-home-2,sunrise-adult-care-home-2-2,"At Sunrise Adult Care Home 2, residents find a supportive environment that puts well-being first. Amenities include all day dining, allergy-sensitive, community-sponsored activities, offering convenience and ease. It's a place where thoughtful care meets everyday comfort.",https://aplaceforseniorscms.kinsta.cloud/listing/sunrise-adult-care-home-2-2/
10741,,field_68af89a6f8692,https://www.seniorly.com/assisted-living/arizona/glendale/charles-residential-care-llc,charles-residential-care,charles-residential-care-2,"Charles Residential Care is a thoughtfully designed residence focused on quality living for seniors. Amenities include all day dining, allergy-sensitive, community-sponsored activities, offering convenience and ease. Everything is centered around comfort, dignity, and personalized support.",https://aplaceforseniorscms.kinsta.cloud/listing/charles-residential-care-2/
10747,,field_68af89a6f8692,https://www.seniorly.com/assisted-living/arizona/glendale/annie-s-care-home,annies-care-home,annies-care-home-2,"Annie's Care Home creates a space where seniors can feel secure and cared for. Amenities include all day dining, allergy-sensitive, community-sponsored activities, offering convenience and ease. Everything is centered around comfort, dignity, and personalized support.",https://aplaceforseniorscms.kinsta.cloud/listing/annies-care-home-2/
10763,,field_68af89a6f8692,https://www.seniorly.com/assisted-living/arizona/glendale/g-i-adult-care-home,g-i-adult-care-home,g-i-adult-care-home-2,"At G & I Adult Care Home, residents find a supportive environment that puts well-being first. Amenities include all day dining, allergy-sensitive, community-sponsored activities, offering convenience and ease. From daily routines to special moments, residents are supported every step of the way.",https://aplaceforseniorscms.kinsta.cloud/listing/g-i-adult-care-home-2/
10771,north-mountain-front,field_68af89a6f8692,https://www.seniorly.com/assisted-living/arizona/pheonix/avista-senior-living-north-mountain-pheonix,avista-senior-living-north-mountain,avista-senior-living-north-mountain-2,Avista Senior Living North Mountain is a thoughtfully designed residence focused on quality living for seniors. It's a place where thoughtful care meets everyday comfort.,https://aplaceforseniorscms.kinsta.cloud/listing/avista-senior-living-north-mountain-2/
10773,,field_68af89a6f8692,https://www.seniorly.com/assisted-living/arizona/glendale/golden-years-assisted-living-2,golden-years-assisted-living,golden-years-assisted-living-2,"Golden Years Assisted Living 2 is a welcoming place for older adults to feel at home. Amenities include all day dining, allergy-sensitive, community-sponsored activities, offering convenience and ease. It's a place where thoughtful care meets everyday comfort.",https://aplaceforseniorscms.kinsta.cloud/listing/golden-years-assisted-living-2/
10784,,field_68af89a6f8692,https://www.seniorly.com/assisted-living/arizona/phoenix/acoma-assisted-living-home,acoma-assisted-living,acoma-assisted-living-2,"Acoma Assisted Living is a thoughtfully designed residence focused on quality living for seniors. Amenities include all day dining, allergy-sensitive, community-sponsored activities, offering convenience and ease. From daily routines to special moments, residents are supported every step of the way.",https://aplaceforseniorscms.kinsta.cloud/listing/acoma-assisted-living-2/
10787,,field_68af89a6f8692,https://www.seniorly.com/assisted-living/arizona/peoria/west-valley-helping-hands-2-l-l-c,west-valley-helping-hands,west-valley-helping-hands-2,"At West Valley Helping Hands 2, residents find a supportive environment that puts well-being first. Amenities include all day dining, allergy-sensitive, community-sponsored activities, offering convenience and ease. Here, community and compassion go hand in hand.",https://aplaceforseniorscms.kinsta.cloud/listing/west-valley-helping-hands-2/
10794,,field_68af89a6f8692,https://www.seniorly.com/assisted-living/arizona/phoenix/tang-assisted-living-llc,tang-assisted-living,tang-assisted-living-2,"Tang Assisted Living is a thoughtfully designed residence focused on quality living for seniors. Amenities include all day dining, allergy-sensitive, community-sponsored activities, offering convenience and ease. Here, community and compassion go hand in hand.",https://aplaceforseniorscms.kinsta.cloud/listing/tang-assisted-living-2/
10798,,field_68af89a6f8692,https://www.seniorly.com/assisted-living/arizona/peoria/desert-bloom-adult-care-home-2,desert-bloom-adult-care-home,desert-bloom-adult-care-home-2,"Desert Bloom Adult Care Home 2 is a welcoming place for older adults to feel at home. Amenities include all day dining, allergy-sensitive, community-sponsored activities, offering convenience and ease. It's a place where thoughtful care meets everyday comfort.",https://aplaceforseniorscms.kinsta.cloud/listing/desert-bloom-adult-care-home-2/
10804,,field_68af89a6f8692,https://www.seniorly.com/assisted-living/arizona/phoenix/beebes-assisted-living-llc,beebes-assisted-living,beebes-assisted-living-2,"Beebes Assisted Living is a welcoming place for older adults to feel at home. Amenities include all day dining, allergy-sensitive, community-sponsored activities, offering convenience and ease. From daily routines to special moments, residents are supported every step of the way.",https://aplaceforseniorscms.kinsta.cloud/listing/beebes-assisted-living-2/
10807,,field_68af89a6f8692,https://www.seniorly.com/assisted-living/arizona/peoria/west-valley-care-home-peoria,west-valley-care-home,west-valley-care-home-2,"At West Valley Care Home, residents find a supportive environment that puts well-being first. Amenities include all day dining, allergy-sensitive, community-sponsored activities, offering convenience and ease. From daily routines to special moments, residents are supported every step of the way.",https://aplaceforseniorscms.kinsta.cloud/listing/west-valley-care-home-2/
10809,,field_68af89a6f8692,https://www.seniorly.com/assisted-living/arizona/phoenix/care-more-assisted-living,care-more-assisted-living,care-more-assisted-living-2,"Care More Assisted Living is a welcoming place for older adults to feel at home. Amenities include all day dining, allergy-sensitive, community-sponsored activities, offering convenience and ease. Everything is centered around comfort, dignity, and personalized support.",https://aplaceforseniorscms.kinsta.cloud/listing/care-more-assisted-living-2/
10811,,field_68af89a6f8692,https://www.seniorly.com/assisted-living/arizona/phoenix/emerald-home-care-2,emerald-home-care,emerald-home-care-2,"Emerald Home Care 2 is a thoughtfully designed residence focused on quality living for seniors. Amenities include all day dining, allergy-sensitive, community-sponsored activities, offering convenience and ease. It's a place where thoughtful care meets everyday comfort.",https://aplaceforseniorscms.kinsta.cloud/listing/emerald-home-care-2/
10816,,field_68af89a6f8692,https://www.seniorly.com/assisted-living/arizona/phoenix/fisher-family-home,fisher-family-home,fisher-family-home-2,"Fisher Family Home is a welcoming place for older adults to feel at home. Amenities include all day dining, allergy-sensitive, community-sponsored activities, offering convenience and ease. From daily routines to special moments, residents are supported every step of the way.",https://aplaceforseniorscms.kinsta.cloud/listing/fisher-family-home-2/
10818,,field_68af89a6f8692,https://www.seniorly.com/assisted-living/arizona/phoenix/constant-care-assisted-living,constant-care-assisted-living,constant-care-assisted-living-2,"Constant Care Assisted Living offers a peaceful setting where residents can enjoy day-to-day life comfortably. Amenities include all day dining, allergy-sensitive, community-sponsored activities, offering convenience and ease. It's a place where thoughtful care meets everyday comfort.",https://aplaceforseniorscms.kinsta.cloud/listing/constant-care-assisted-living-2/
10824,,field_68af89a6f8692,https://www.seniorly.com/assisted-living/arizona/phoenix/care-with-love-inc,care-with-love,care-with-love-2,"Care With Love is a welcoming place for older adults to feel at home. Amenities include all day dining, allergy-sensitive, community-sponsored activities, offering convenience and ease. Designed to promote independence while providing just the right level of assistance.",https://aplaceforseniorscms.kinsta.cloud/listing/care-with-love-2/
10827,,field_68af89a6f8692,https://www.seniorly.com/assisted-living/arizona/youngtown/lifestream-at-youngtown-green-house-2,lifestream-at-youngtown-green-house,lifestream-at-youngtown-green-house-2,"Lifestream At Youngtown Green House 2 is a welcoming place for older adults to feel at home. Amenities include all day dining, allergy-sensitive, community-sponsored activities, offering convenience and ease. Here, community and compassion go hand in hand.",https://aplaceforseniorscms.kinsta.cloud/listing/lifestream-at-youngtown-green-house-2/
10836,,field_68af89a6f8692,https://www.seniorly.com/assisted-living/arizona/phoenix/sunnyside-scottsdale-2,sunnyside-scottsdale,sunnyside-scottsdale-2,"Sunnyside Scottsdale 2 offers a peaceful setting where residents can enjoy day-to-day life comfortably. Amenities include all day dining, allergy-sensitive, community-sponsored activities, offering convenience and ease. It's a place where thoughtful care meets everyday comfort.",https://aplaceforseniorscms.kinsta.cloud/listing/sunnyside-scottsdale-2/
10845,,field_68af89a6f8692,https://www.seniorly.com/assisted-living/arizona/phoenix/adina-adult-care-home-2,adina-adult-care-home,adina-adult-care-home-2,"Adina Adult Care Home 2 creates a space where seniors can feel secure and cared for. Amenities include all day dining, allergy-sensitive, community-sponsored activities, offering convenience and ease. Here, community and compassion go hand in hand.",https://aplaceforseniorscms.kinsta.cloud/listing/adina-adult-care-home-2/
10852,,field_68af89a6f8692,https://www.seniorly.com/assisted-living/arizona/globe/ac-assisted-living-2,ac-assisted-living,ac-assisted-living-2,"At AC Assisted Living 2, residents find a supportive environment that puts well-being first. Amenities include all day dining, allergy-sensitive, community-sponsored activities, offering convenience and ease. Everything is centered around comfort, dignity, and personalized support.",https://aplaceforseniorscms.kinsta.cloud/listing/ac-assisted-living-2/
10872,,field_68af89a6f8692,https://www.seniorly.com/assisted-living/arizona/sierra-vista/beehive-homes-of-sierra-vista,beehive-homes-of-sierra-vista,beehive-homes-of-sierra-vista-2,"Beehive Homes Of Sierra Vista is a thoughtfully designed residence focused on quality living for seniors. Amenities include all day dining, allergy-sensitive, community-sponsored activities, offering convenience and ease. Designed to promote independence while providing just the right level of assistance.",https://aplaceforseniorscms.kinsta.cloud/listing/beehive-homes-of-sierra-vista-2/
10873,,field_68af89a6f8692,https://www.seniorly.com/assisted-living/arizona/kingman/cerbat-guest-home,cerbat-guest-home,cerbat-guest-home-2,"At Cerbat Guest Home, residents find a supportive environment that puts well-being first. Amenities include all day dining, allergy-sensitive, arts room, offering convenience and ease. Here, community and compassion go hand in hand.",https://aplaceforseniorscms.kinsta.cloud/listing/cerbat-guest-home-2/
10874,,field_68af89a6f8692,https://www.seniorly.com/assisted-living/arizona/kingman/hope-haven-assisted-living-home,hope-haven-assisted-living,hope-haven-assisted-living-2,"Hope Haven Assisted Living is a thoughtfully designed residence focused on quality living for seniors. Amenities include all day dining, allergy-sensitive, community-sponsored activities, offering convenience and ease. Designed to promote independence while providing just the right level of assistance.",https://aplaceforseniorscms.kinsta.cloud/listing/hope-haven-assisted-living-2/
10879,JasminePlace_Photos_01_Seniorly_sly_high_res_,field_68af89a6f8692,https://www.seniorly.com/assisted-living/arizona/lake-havasu-city/avista-senior-living-lake-havasu,avista-senior-living-lake-havasu,avista-senior-living-lake-havasu-2,"Avista Senior Living Lake Havasu is a welcoming place for older adults to feel at home. Amenities include all day dining, allergy-sensitive, arts room, offering convenience and ease. From daily routines to special moments, residents are supported every step of the way.",https://aplaceforseniorscms.kinsta.cloud/listing/avista-senior-living-lake-havasu-2/
10880,Claremont-courtyard-1-2048x1365,field_68af89a6f8692,https://www.seniorly.com/assisted-living/arizona/lake-havasu/claremont-assisted-living,claremont-assisted-living,claremont-assisted-living-2,"Claremont Assisted Living creates a space where seniors can feel secure and cared for. Amenities include all day dining, allergy-sensitive, arts room, offering convenience and ease. It's a place where thoughtful care meets everyday comfort.",https://aplaceforseniorscms.kinsta.cloud/listing/claremont-assisted-living-2/
10885,,field_68af89a6f8692,https://www.seniorly.com/assisted-living/arizona/lake-havasu-city/serenity-assisted-living-lake-havasu-city,serenity-assisted-living,serenity-assisted-living-2,"Serenity Assisted Living is a thoughtfully designed residence focused on quality living for seniors. Amenities include all day dining, allergy-sensitive, community-sponsored activities, offering convenience and ease. Designed to promote independence while providing just the right level of assistance.",https://aplaceforseniorscms.kinsta.cloud/listing/serenity-assisted-living-2/
10890,,field_68af89a6f8692,https://www.seniorly.com/assisted-living/arizona/lake-havasu-city/gems-assisted-living-4,gems-assisted-living-4,gems-assisted-living-4-2,"Gems Assisted Living #4 is a thoughtfully designed residence focused on quality living for seniors. Amenities include all day dining, allergy-sensitive, community-sponsored activities, offering convenience and ease. Designed to promote independence while providing just the right level of assistance.",https://aplaceforseniorscms.kinsta.cloud/listing/gems-assisted-living-4-2/
10895,,field_68af89a6f8692,https://www.seniorly.com/assisted-living/arizona/laveen/zaweah-luxury-living,zaweah-luxury-living,zaweah-luxury-living-2,"Zaweah Luxury Living is a thoughtfully designed residence focused on quality living for seniors. Amenities include all day dining, allergy-sensitive, community-sponsored activities, offering convenience and ease. From daily routines to special moments, residents are supported every step of the way.",https://aplaceforseniorscms.kinsta.cloud/listing/zaweah-luxury-living-2/
10897,,field_68af89a6f8692,https://www.seniorly.com/assisted-living/arizona/laveen/heaven-can-wait,heaven-can-wait,heaven-can-wait-2,"Heaven Can Wait is a welcoming place for older adults to feel at home. Amenities include all day dining, allergy-sensitive, community-sponsored activities, offering convenience and ease. It's a place where thoughtful care meets everyday comfort.",https://aplaceforseniorscms.kinsta.cloud/listing/heaven-can-wait-2/
10898,,field_68af89a6f8692,https://www.seniorly.com/assisted-living/arizona/laveen/beautiful-assisted-living-2,beautiful-assisted-living,beautiful-assisted-living-2,"Beautiful Assisted Living 2 offers a peaceful setting where residents can enjoy day-to-day life comfortably. Amenities include all day dining, allergy-sensitive, community-sponsored activities, offering convenience and ease. It's a place where thoughtful care meets everyday comfort.",https://aplaceforseniorscms.kinsta.cloud/listing/beautiful-assisted-living-2/
10905,,field_68af89a6f8692,https://www.seniorly.com/assisted-living/arizona/phoenix/chekela-turners-place-iii,chekela-turners-place-iii,chekela-turners-place-iii-2,"Chekela Turners Place III is a welcoming place for older adults to feel at home. Amenities include all day dining, allergy-sensitive, community-sponsored activities, offering convenience and ease. Designed to promote independence while providing just the right level of assistance.",https://aplaceforseniorscms.kinsta.cloud/listing/chekela-turners-place-iii-2/
10907,la-sonora-at-dove-mountain-exterior-5,field_68af89a6f8692,https://www.seniorly.com/assisted-living/arizona/marana/la-sonora-at-dove-mountain,la-sonora-at-dove-mountain,la-sonora-at-dove-mountain-2,"At La Sonora At Dove Mountain, residents find a supportive environment that puts well-being first. Amenities include activity room, air conditioning, all day dining, offering convenience and ease. Here, community and compassion go hand in hand.",https://aplaceforseniorscms.kinsta.cloud/listing/la-sonora-at-dove-mountain-2/
10949,,field_68af89a6f8692,https://www.seniorly.com/assisted-living/arizona/tucson/summersett-haven,summersett-haven,summersett-haven-2,"Summersett Haven is a thoughtfully designed residence focused on quality living for seniors. Amenities include all day dining, allergy-sensitive, community-sponsored activities, offering convenience and ease. Everything is centered around comfort, dignity, and personalized support.",https://aplaceforseniorscms.kinsta.cloud/listing/summersett-haven-2/
10961,,field_68af89a6f8692,https://www.seniorly.com/assisted-living/arizona/tucson/spring-days-adult-care-home-llc,spring-days-adult-care-home,spring-days-adult-care-home-2,"Spring Days Adult Care Home creates a space where seniors can feel secure and cared for. Amenities include all day dining, allergy-sensitive, community-sponsored activities, offering convenience and ease. From daily routines to special moments, residents are supported every step of the way.",https://aplaceforseniorscms.kinsta.cloud/listing/spring-days-adult-care-home-2/
10966,,field_68af89a6f8692,https://www.seniorly.com/assisted-living/arizona/tucson/normandel-place-llc,normandel-place,normandel-place-2,"Normandel Place offers a peaceful setting where residents can enjoy day-to-day life comfortably. Amenities include all day dining, allergy-sensitive, community-sponsored activities, offering convenience and ease. It's a place where thoughtful care meets everyday comfort.",https://aplaceforseniorscms.kinsta.cloud/listing/normandel-place-2/
10968,,field_68af89a6f8692,https://www.seniorly.com/assisted-living/arizona/tucson/fidelity-care-corner-inc,fidelity-care-corner,fidelity-care-corner-2,"At Fidelity Care Corner, residents find a supportive environment that puts well-being first. Amenities include all day dining, allergy-sensitive, community-sponsored activities, offering convenience and ease. Here, community and compassion go hand in hand.",https://aplaceforseniorscms.kinsta.cloud/listing/fidelity-care-corner-2/
10976,,field_68af89a6f8692,https://www.seniorly.com/assisted-living/arizona/tucson/aspen-care-assisted-living-home-llc,aspen-care-assisted-living,aspen-care-assisted-living-2,"At Aspen Care Assisted Living, residents find a supportive environment that puts well-being first. Amenities include all day dining, allergy-sensitive, community-sponsored activities, offering convenience and ease. It's a place where thoughtful care meets everyday comfort.",https://aplaceforseniorscms.kinsta.cloud/listing/aspen-care-assisted-living-2/
10980,,field_68af89a6f8692,https://www.seniorly.com/assisted-living/arizona/tucson/carlton-village-2,carlton-village,carlton-village-2,"Carlton Village 2 offers a peaceful setting where residents can enjoy day-to-day life comfortably. Amenities include all day dining, allergy-sensitive, community-sponsored activities, offering convenience and ease. Everything is centered around comfort, dignity, and personalized support.",https://aplaceforseniorscms.kinsta.cloud/listing/carlton-village-2/
10993,acoya-shea-senior-living-1br,field_68af89a6f8692,https://www.seniorly.com/assisted-living/arizona/scottsdale/acoya-shea-senior-living,acoya-shea,acoya-shea-2,"At Acoya Shea, residents find a supportive environment that puts well-being first. Amenities include activity room, air conditioning, all day dining, offering convenience and ease. Designed to promote independence while providing just the right level of assistance.",https://aplaceforseniorscms.kinsta.cloud/listing/acoya-shea-2/
10994,IMG_4006,field_68af89a6f8692,https://www.seniorly.com/assisted-living/arizona/phoenix/morningstar-at-arcadia,morningstar-at-arcadia,morningstar-at-arcadia-2,"MorningStar at Arcadia offers a peaceful setting where residents can enjoy day-to-day life comfortably. Amenities include activity room, air conditioning, all day dining, offering convenience and ease. Here, community and compassion go hand in hand.",https://aplaceforseniorscms.kinsta.cloud/listing/morningstar-at-arcadia-2/
10995,IMG_4221new,field_68af89a6f8692,https://www.seniorly.com/assisted-living/arizona/scottsdale/maravilla-scottsdale,maravilla-scottsdale,maravilla-scottsdale-2,"Maravilla Scottsdale offers a peaceful setting where residents can enjoy day-to-day life comfortably. Amenities include activity room, air conditioning, all day dining, offering convenience and ease. Here, community and compassion go hand in hand.",https://aplaceforseniorscms.kinsta.cloud/listing/maravilla-scottsdale-2/
11000,torbrook-manor-front-1,field_68af89a6f8692,https://www.seniorly.com/assisted-living/arizona/paradise-valley/torbrook-manor,torbrook-manor,torbrook-manor-2,"At Torbrook Manor, residents find a supportive environment that puts well-being first. Amenities include all day dining, allergy-sensitive, community-sponsored activities, offering convenience and ease. Designed to promote independence while providing just the right level of assistance.",https://aplaceforseniorscms.kinsta.cloud/listing/torbrook-manor-2/
11011,Baba-house-picture,field_68af89a6f8692,https://www.seniorly.com/assisted-living/arizona/scottsdale/oakbrook-assisted-living,oakbrook-assisted-living,oakbrook-assisted-living-2,"At OakBrook Assisted Living, residents find a supportive environment that puts well-being first. Amenities include air conditioning, all day dining, allergy-sensitive, offering convenience and ease. From daily routines to special moments, residents are supported every step of the way.",https://aplaceforseniorscms.kinsta.cloud/listing/oakbrook-assisted-living-2/
11017,,field_68af89a6f8692,https://www.seniorly.com/assisted-living/arizona/scottsdale/hazelwood-manor-assisted-living,hazelwood-manor-assisted-living,hazelwood-manor-assisted-living-2,"Hazelwood Manor Assisted Living is a welcoming place for older adults to feel at home. Amenities include all day dining, allergy-sensitive, community-sponsored activities, offering convenience and ease. It's a place where thoughtful care meets everyday comfort.",https://aplaceforseniorscms.kinsta.cloud/listing/hazelwood-manor-assisted-living-2/
11026,,field_68af89a6f8692,https://www.seniorly.com/assisted-living/arizona/scottsdale/senior-paradise-living,senior-paradise-living,senior-paradise-living-2,"Senior Paradise Living creates a space where seniors can feel secure and cared for. Amenities include all day dining, allergy-sensitive, community-sponsored activities, offering convenience and ease. Here, community and compassion go hand in hand.",https://aplaceforseniorscms.kinsta.cloud/listing/senior-paradise-living-2/
11030,,field_68af89a6f8692,https://www.seniorly.com/assisted-living/arizona/phoenix/biltmore-care-home-2,biltmore-care-home,biltmore-care-home-2,"Biltmore Care Home 2 is a welcoming place for older adults to feel at home. Amenities include all day dining, allergy-sensitive, community-sponsored activities, offering convenience and ease. From daily routines to special moments, residents are supported every step of the way.",https://aplaceforseniorscms.kinsta.cloud/listing/biltmore-care-home-2/
11035,,field_68af89a6f8692,https://www.seniorly.com/assisted-living/arizona/scottsdale/sv-assisted-living-home-2,sv-assisted-living,sv-assisted-living-2,"SV Assisted Living 2 creates a space where seniors can feel secure and cared for. Amenities include all day dining, allergy-sensitive, community-sponsored activities, offering convenience and ease. It's a place where thoughtful care meets everyday comfort.",https://aplaceforseniorscms.kinsta.cloud/listing/sv-assisted-living-2/
11047,,field_68af89a6f8692,https://www.seniorly.com/assisted-living/arizona/scottsdale/evergreen-assisted-living,evergreen-assisted-living,evergreen-assisted-living-2,"Evergreen Assisted Living is a thoughtfully designed residence focused on quality living for seniors. Amenities include all day dining, allergy-sensitive, community-sponsored activities, offering convenience and ease. It's a place where thoughtful care meets everyday comfort.",https://aplaceforseniorscms.kinsta.cloud/listing/evergreen-assisted-living-2/
11051,,field_68af89a6f8692,https://www.seniorly.com/assisted-living/arizona/phoenix/arcadia-home-care-llc,arcadia-home-care,arcadia-home-care-2,"Arcadia Home Care is a thoughtfully designed residence focused on quality living for seniors. Amenities include all day dining, allergy-sensitive, community-sponsored activities, offering convenience and ease. From daily routines to special moments, residents are supported every step of the way.",https://aplaceforseniorscms.kinsta.cloud/listing/arcadia-home-care-2/
11065,,field_68af89a6f8692,https://www.seniorly.com/assisted-living/arizona/phoenix/healing-gardens-assisted-living-care-home-llc,healing-gardens-assisted-living-care-home,healing-gardens-assisted-living-care-home-2,"Healing Gardens Assisted Living Care Home is a welcoming place for older adults to feel at home. Amenities include all day dining, allergy-sensitive, community-sponsored activities, offering convenience and ease. Designed to promote independence while providing just the right level of assistance.",https://aplaceforseniorscms.kinsta.cloud/listing/healing-gardens-assisted-living-care-home-2/
11070,,field_68af89a6f8692,https://www.seniorly.com/assisted-living/arizona/scottsdale/arizona-senior-living-home-2,arizona-senior-living-home,arizona-senior-living-home-2,"Arizona Senior Living Home 2 offers a peaceful setting where residents can enjoy day-to-day life comfortably. Amenities include all day dining, allergy-sensitive, community-sponsored activities, offering convenience and ease. It's a place where thoughtful care meets everyday comfort.",https://aplaceforseniorscms.kinsta.cloud/listing/arizona-senior-living-home-2/
11086,,field_68af89a6f8692,https://www.seniorly.com/assisted-living/arizona/phoenix/bellaire-assisted-living,bellaire-assisted-living,bellaire-assisted-living-2,"Bellaire Assisted Living creates a space where seniors can feel secure and cared for. Amenities include all day dining, allergy-sensitive, community-sponsored activities, offering convenience and ease. Everything is centered around comfort, dignity, and personalized support.",https://aplaceforseniorscms.kinsta.cloud/listing/bellaire-assisted-living-2/
11092,,field_68af89a6f8692,https://www.seniorly.com/assisted-living/arizona/phoenix/pathways-assisted-living-phoenix,pathways-assisted-living,pathways-assisted-living-2,"Pathways Assisted Living is a welcoming place for older adults to feel at home. Amenities include all day dining, allergy-sensitive, community-sponsored activities, offering convenience and ease. Designed to promote independence while providing just the right level of assistance.",https://aplaceforseniorscms.kinsta.cloud/listing/pathways-assisted-living-2/
11097,powell-placepowell-place-6b-common,field_68af89a6f8692,https://www.seniorly.com/assisted-living/arizona/payson/avista-senior-living-payson,avista-senior-living-payson,avista-senior-living-payson-2,"Avista Senior Living Payson is a welcoming place for older adults to feel at home. Amenities include air conditioning, all day dining, allergy-sensitive, offering convenience and ease. Everything is centered around comfort, dignity, and personalized support.",https://aplaceforseniorscms.kinsta.cloud/listing/avista-senior-living-payson-2/
11098,houston-creek-assisted-living-llc-front-2,field_68af89a6f8692,https://www.seniorly.com/assisted-living/arizona/payson/houston-creek-assisted-living-llc,houston-creek-assisted-living,houston-creek-assisted-living-2,"At Houston Creek Assisted Living, residents find a supportive environment that puts well-being first. Amenities include all day dining, allergy-sensitive, community-sponsored activities, offering convenience and ease. Designed to promote independence while providing just the right level of assistance.",https://aplaceforseniorscms.kinsta.cloud/listing/houston-creek-assisted-living-2/
11099,,field_68af89a6f8692,https://www.seniorly.com/assisted-living/arizona/payson/ordinary-lifestyles,ordinary-lifestyles,ordinary-lifestyles-2,"Ordinary Lifestyles is a thoughtfully designed residence focused on quality living for seniors. Amenities include all day dining, allergy-sensitive, community-sponsored activities, offering convenience and ease. It's a place where thoughtful care meets everyday comfort.",https://aplaceforseniorscms.kinsta.cloud/listing/ordinary-lifestyles-2/
11102,granite-gate-slideshow01-1000x667,field_68af89a6f8692,https://www.seniorly.com/assisted-living/arizona/prescott/granite-gate-senior-living,granite-gate-senior-living,granite-gate-senior-living-2,"Granite Gate Senior Living offers a peaceful setting where residents can enjoy day-to-day life comfortably. Amenities include activity room, air conditioning, all day dining, offering convenience and ease. Everything is centered around comfort, dignity, and personalized support.",https://aplaceforseniorscms.kinsta.cloud/listing/granite-gate-senior-living-2/
11117,,field_68af89a6f8692,https://www.seniorly.com/assisted-living/arizona/prescott-valley/hidden-oasis-llc,hidden-oasis,hidden-oasis-2,"Hidden Oasis creates a space where seniors can feel secure and cared for. Amenities include all day dining, allergy-sensitive, community-sponsored activities, offering convenience and ease. Designed to promote independence while providing just the right level of assistance.",https://aplaceforseniorscms.kinsta.cloud/listing/hidden-oasis-2/
11127,,field_68af89a6f8692,https://www.seniorly.com/assisted-living/arizona/sierra-vista/jr-caring-hearts,jr-caring-hearts,jr-caring-hearts-2,"At Jr Caring Hearts, residents find a supportive environment that puts well-being first. Amenities include all day dining, allergy-sensitive, community-sponsored activities, offering convenience and ease. Here, community and compassion go hand in hand.",https://aplaceforseniorscms.kinsta.cloud/listing/jr-caring-hearts-2/
11160,,field_68af89a6f8692,https://www.seniorly.com/assisted-living/arizona/tucson/house-of-prayer-inc,house-of-prayer,house-of-prayer-2,"At House Of Prayer, residents find a supportive environment that puts well-being first. Amenities include all day dining, allergy-sensitive, community-sponsored activities, offering convenience and ease. Designed to promote independence while providing just the right level of assistance.",https://aplaceforseniorscms.kinsta.cloud/listing/house-of-prayer-2/
11172,,field_68af89a6f8692,https://www.seniorly.com/assisted-living/arizona/tucson/hummingbird-assisted-living-home,hummingbird-assisted-living,hummingbird-assisted-living-2,"Hummingbird Assisted Living creates a space where seniors can feel secure and cared for. Amenities include all day dining, allergy-sensitive, community-sponsored activities, offering convenience and ease. From daily routines to special moments, residents are supported every step of the way.",https://aplaceforseniorscms.kinsta.cloud/listing/hummingbird-assisted-living-2/
11178,,field_68af89a6f8692,https://www.seniorly.com/assisted-living/arizona/tucson/famiglia-amore-llc,famiglia-amore,famiglia-amore-2,"Famiglia Amore creates a space where seniors can feel secure and cared for. Amenities include all day dining, allergy-sensitive, community-sponsored activities, offering convenience and ease. Everything is centered around comfort, dignity, and personalized support.",https://aplaceforseniorscms.kinsta.cloud/listing/famiglia-amore-2/
11213,a-special-place-care-home-dining-1,field_68af89a6f8692,https://www.seniorly.com/assisted-living/arizona/yuma/a-special-place-care-home,a-special-place-care-home,a-special-place-care-home-2,"A Special Place Care Home creates a space where seniors can feel secure and cared for. Amenities include all day dining, allergy-sensitive, community-sponsored activities, offering convenience and ease. Everything is centered around comfort, dignity, and personalized support.",https://aplaceforseniorscms.kinsta.cloud/listing/a-special-place-care-home-2/
11218,,field_68af89a6f8692,https://www.seniorly.com/assisted-living/arizona/yuma/river-valley-estates,river-valley-estates,river-valley-estates-2,"River Valley Estates offers a peaceful setting where residents can enjoy day-to-day life comfortably. Amenities include all day dining, allergy-sensitive, arts room, offering convenience and ease. Designed to promote independence while providing just the right level of assistance.",https://aplaceforseniorscms.kinsta.cloud/listing/river-valley-estates-2/
