seniorly_wp_id,seniorly_title,seniorly_address,seniorly_url,senior_place_wp_id,senior_place_title,senior_place_address,senior_place_url,address_similarity,city,state,title_similarity
6742,A Paradise For Parents Senior Living,"15292 West Campbell Avenue, Goodyear, Az 85395",https://www.seniorly.com/assisted-living/arizona/goodyear/a-paradise-for-parent-s-senior-living-llc,6741,A Paradise For Parents Senior Living,"15292 Campbell Avenue, Goodyear, Az 85395",https://app.seniorplace.com/communities/show/b916b3de-25b3-4808-99ab-b8ca6dd07cf4,0.972972972972973,,,1.000
6968,Arrowhead Senior Living Ii,"6958 West Kristal Way, Glendale, Az 85308",https://www.seniorly.com/assisted-living/arizona/glendale/arrowhead-senior-living-ii,6967,Arrowhead Senior Living I I,"6958 West Kristal Way, Glendale, Az 85308",https://app.seniorplace.com/communities/show/227a1dcf-7550-494d-ab23-1f2df2d1635b,1.0,,,0.981
7349,County Villa,"802 West 4Th Place, Mesa, Az 85201",https://www.seniorly.com/assisted-living/arizona/mesa/county-villa-llc,7347,Country Villa,"802 W 4Th Pl, Mesa, Az 85201",https://app.seniorplace.com/communities/show/37d343f1-f655-4d65-9dc5-a014133fee97,1.0,,,0.960
7355,Crismon Peaks Assisted Living,"10027 East Hillview Street, Mesa, Az 85207",https://www.seniorly.com/assisted-living/arizona/mesa/crismon-peaks-assisted-living-llc,7354,Crismon Peaks Assisted Living,"10027 Hillview Street, Mesa, Az 85207",https://app.seniorplace.com/communities/show/fe22bf3e-f20d-4c50-b37c-7bb350cf0508,0.96875,,,1.000
8096,Higley House Care Home,"885 North Los Gatos Lane, Gilbert, Az 85234",https://www.seniorly.com/assisted-living/arizona/gilbert/higley-house-care-home-llc,8094,Higley House Care Home,"885 North Losgatos Lane, Gilbert, Az 85234",https://app.seniorplace.com/communities/show/e6cfdd21-5039-495d-88fe-777c67571861,0.9855072463768116,,,1.000
10302,Canyon Winds Retirement Community,"7311 East Oasis Street, Mesa, Az 85207",https://www.seniorly.com/assisted-living/arizona/mesa/canyon-winds-retirement,7197,Canyon Winds Retirement,"7311 East Oasis Street, Mesa, Az 85207",https://app.seniorplace.com/communities/show/abbcc562-0053-4920-b842-950ddae4843e,1.0,,,0.821
10304,Visions Senior Living At Apache Junction,"1510 East Broadway Avenue, Apache Junction, Az 85119",https://www.seniorly.com/assisted-living/arizona/apache-junction/visions-senior-living-at-apache-junction-2,10149,Visions Senior Living At Apache Junction 2,"1510 East Broadway Avenue, Apache Junction, Az 85119",https://app.seniorplace.com/communities/show/f90f0f4d-687c-4deb-a5ce-69c2e26e5865,1.0,,,0.976
10308,Visions Assisted Living At Mesa,"537 South Higley Road, Mesa, Az 85206",https://www.seniorly.com/assisted-living/arizona/mesa/visions-senior-living-at-mesa-2,10151,Visions Senior Living At Mesa 2,"537 South Higley Road, Mesa, Az 85206",https://app.seniorplace.com/communities/show/b04cfc67-f3b8-4505-a799-68f9c6abce05,1.0,,,0.806
10310,Fellowship Square Mesa,"6945 East Main Street, Mesa, Az 85207",https://www.seniorly.com/assisted-living/arizona/mesa/fellowship-square-mesa,7684,Fellowship Squaremesa,"6945 East Main Street, Mesa, Az 85207",https://app.seniorplace.com/communities/show/84ec2b46-c7db-47cd-a984-a520076cc9a5,1.0,,,0.977
10315,Senior Haven Assisted Living,"1111 West Superstition Boulevard, Apache Junction, Az 85120",https://www.seniorly.com/assisted-living/arizona/apache-junction/senior-haven-assisted-living-home,7868,Golden Years Haven Assisted Living,"1111 West Superstition Boulevard, Apache Junction, Az 85120",https://app.seniorplace.com/communities/show/ff7ba7a4-a1f8-433f-8f0f-a3a1dc4ce287,1.0,,,0.806
10320,Peaceful And Comfort Assisted Living,"6532 East Hannibal, Mesa, Az 85205",https://www.seniorly.com/assisted-living/arizona/mesa/peaceful-and-comfort-assisted-living-home,9084,Peaceful And Comfort Assisted Living,"6532 East Hannibal Street, Mesa, Az 85205",https://app.seniorplace.com/communities/show/bfe1b9fa-23b4-4b18-ad95-81d7fcadbc03,0.9508196721311475,,,1.000
10322,Reflections At Fellowship Square Mesa,"159 South Power Road, Mesa, Az 85206",https://www.seniorly.com/assisted-living/arizona/mesa/reflections-at-fellowship-square-mesa,9250,Reflections At Fellowship Square Mesa,"159 South Power Road, Mesa, Az 85207",https://app.seniorplace.com/communities/show/97ffc74f-5145-4330-898b-45c75d878055,0.9642857142857143,,,1.000
10323,Desert Springs Communites,"6662 East Delmon Drive, Mesa, Az 85215",https://www.seniorly.com/assisted-living/arizona/mesa/desert-springs-communites,7433,Desert Springs Communities,"6662 East Delmon Drive, Mesa, Az 85215",https://app.seniorplace.com/communities/show/3a9d343e-8b71-4d60-b956-e35398bd9fe4,1.0,,,0.980
10329,Mulberry Assisted Living Nido,"10743 East Nido Avenue, Mesa, Az 85209",https://www.seniorly.com/assisted-living/arizona/mesa/mulberry-assisted-living-nido,8792,Mulberry Assisted Livingnido,"10743 East Nido Avenue, Mesa, Az 85209",https://app.seniorplace.com/communities/show/f17c751f-9800-4e05-a856-547443b9bafa,1.0,,,0.982
10337,Christcentered Care Assisted Living,"10217 East Ampere Avenue, Mesa, Az 85212",https://www.seniorly.com/assisted-living/arizona/mesa/christ-centered-care-assisted-living,7274,Christcentered Care Assisted Living,"10217 Ampere Avenue, Mesa, Az 85212",https://app.seniorplace.com/communities/show/55093c31-e11f-4c8b-907e-fbd648f9fe52,0.967741935483871,,,1.000
10345,Home Sweet Home,"6814 East Mirabel Avenue, Mesa, Az 85208",https://www.seniorly.com/assisted-living/arizona/mesa/home-sweet-home-mesa,8128,Home Sweet Home,"6814 East Mirabel Avenue, Mesa, Az 85209",https://app.seniorplace.com/communities/show/0b5035e8-f043-4851-9d72-b9bac9f17d0d,0.96875,,,1.000
10354,Hacienda Del Rey,"12917 West Las Cruces Drive, Litchfield Park, Az 85340",https://www.seniorly.com/assisted-living/arizona/litchfield-park/hacienda-del-rey,7960,Hacienda Del Rey,"12917 Las Cruces Drive, Litchfield Park, Az 85340",https://app.seniorplace.com/communities/show/87592fb1-dac5-416e-8135-e8fc885dce0d,0.9777777777777777,,,1.000
10370,Park Senior Villas Goodyear,"4211 Pebble Creek Parkway, Goodyear, Az 85395",https://www.seniorly.com/assisted-living/arizona/goodyear/park-senior-villas-goodyear,8998,Park Senior Villas At Goodyear,"4211 N Pebblecreek Parkway, Goodyear, Az 85395",https://app.seniorplace.com/communities/show/017ab033-fc9f-4882-b900-a0eb33c1b09e,0.9629629629629629,,,0.947
10378,Charles Residential Care Iii,"2707 North 145Th Avenue, Goodyear, Az 85395",https://www.seniorly.com/assisted-living/arizona/goodyear/charles-residential-care-iii,7267,Charles Residential Care Llc Iii,"2707 North 145Th Avenue, Goodyear, Az 85395",https://app.seniorplace.com/communities/show/72a9dd95-1119-4ca0-a079-b2a708526330,1.0,,,0.933
10379,Litchfield Terrace Assisted Living,"13850 West Blossom Way, Litchfield Park, Az 85340",https://www.seniorly.com/assisted-living/arizona/litchfield-park/litchfield-terrace-assisted-living-home,8492,Litchfield Terrace Assisted Living,"13850 Blossom Way, Litchfield Park, Az 85340",https://app.seniorplace.com/communities/show/ea0fafab-aad9-4e1c-bb08-e20e5e4b65b7,0.9761904761904762,,,1.000
10382,Sheridan Garden Assisted Living,"8937 West Sheridan, Phoenix, Az 85037",https://www.seniorly.com/assisted-living/arizona/phoenix/sheridan-garden-assisted-living-home,9503,Sheridan Garden Assisted Living,"8937 West Sheridan Street, Phoenix, Az 85037",https://app.seniorplace.com/communities/show/38ad531c-0a1a-4d4a-b5f2-fa2beca94093,0.9552238805970149,,,1.000
10407,Rainbow Acres,"2120 West Reservation Loop Road, Camp Verde, Az 86322",https://www.seniorly.com/assisted-living/arizona/camp-verde/rainbow-acres,9226,Rainbow Acres,"2120 Reservation Loop Road, Camp Verde, Az 86322",https://app.seniorplace.com/communities/show/7331686b-9e7d-4373-82a9-e3da5ca75563,0.9777777777777777,,,1.000
10411,Clearwater Pinnacle Peak,"23733 North Scottsdale Road, Scottsdale, Az 85255",https://www.seniorly.com/assisted-living/arizona/scottsdale/clearwater-pinnacle-peak,7301,Clearwater Pinnacle Peak,"23733 North Scottsdale Road, Scottsdale, Az 85254",https://app.seniorplace.com/communities/show/74af2b4b-25f5-4d73-803f-0bc10cade820,0.975609756097561,,,1.000
10415,North Scottsdale Place,"14203 North 68Th Place, Scottsdale, Az 85254",https://www.seniorly.com/assisted-living/arizona/scottsdale/north-scottsdale-place,8840,North Scottsdale Place 1,"14203 North 68Th Place, Scottsdale, Az 85254",https://app.seniorplace.com/communities/show/334a2d46-4a12-4279-9f19-43f0603303d3,1.0,,,0.957
10433,American Groves Senior Living,"941 East Elliot Road, Gilbert, Az 85234",https://www.seniorly.com/assisted-living/arizona/gilbert/american-groves-senior-living,6877,American Groves Senior Living Lp,"941 East Elliot Road, Gilbert, Az 85234",https://app.seniorplace.com/communities/show/b64228c7-50cc-43de-8b34-a512bebab6ca,1.0,,,0.951
10438,Clearwater Ahwatukee,"15815 South 50Th Street, Phoeniz, Az 85048",https://www.seniorly.com/assisted-living/arizona/phoeniz/clearwater-ahwatukee,7299,Clearwater Ahwatukee,"15815 South 50Th Street, Phoenix, Az 85048",https://app.seniorplace.com/communities/show/27fa13c6-d52e-441d-ab0b-63233975ad48,0.96875,,207,1.000
10439,Avista Senior Living Downtown Mesa,"248 North Macdonald, Mesa, Az 85201",https://www.seniorly.com/assisted-living/arizona/mesa/avista-senior-living-historic-downtown-mesa,7035,Avista Senior Living Historic Downtown Mesa,"248 North Macdonald, Mesa, Az 85201",https://app.seniorplace.com/communities/show/cab945ae-9ab4-4a1a-826a-b1d934af8c59,1.0,,,0.883
10442,Clearwater Agritopia,"2811 Easy Agritopia Loop S, Gilbert, Az 85296",https://www.seniorly.com/assisted-living/arizona/gilbert/livgenerations-agritopia,7298,Clearwater Agritopia,"2811 East Agritopia Loop South, Gilbert, Az 85296",https://app.seniorplace.com/communities/show/21d45472-7144-4a48-9c59-3f78fa123ae3,0.963855421686747,,,1.000
10447,Az Lotus V Assisted Living,"6120 South Kimberlee Way, Chandler, Az 85249",https://www.seniorly.com/assisted-living/arizona/chandler/az-lotus-v-assisted-living-home-inc,7043,Az Lotus Valley Assisted Living,"6120 South Kimberlee Way, Chandler, Az 85249",https://app.seniorplace.com/communities/show/4cd3aad4-aec5-4b6f-a043-ea002fdb1f14,1.0,,,0.912
10477,Archangel Assisted Living,"1442 East Ebony Drive, Chandler, Az 85286",https://www.seniorly.com/assisted-living/arizona/chandler/archangel-assisted-living,6929,Archangel Assisted Living Ii,"1442 East Ebony Drive, Chandler, Az 85286",https://app.seniorplace.com/communities/show/2afdb121-951b-4e29-993c-1317311318b3,1.0,,,0.943
10481,Desert Palace Assisted Living,"480 South Jay Street, Chandler, Az 85224",https://www.seniorly.com/assisted-living/arizona/chandler/desert-palace-assisted-living,7417,Desert Palace Assisted Living,"480 South Jay Street, Chandler, Az 85225",https://app.seniorplace.com/communities/show/faef0a7f-58c5-45e7-a6ae-9fdad2144125,0.9666666666666667,,,1.000
10489,Jal Assisted Living Facility,"3332 West Venice Way, Chandler, Az 85226",https://www.seniorly.com/assisted-living/arizona/chandler/jal-assisted-living-facility-llc,8246,Jal Assisted Living,"3332 West Venice Way, Chandler, Az 85226",https://app.seniorplace.com/communities/show/a0f58d9d-7f35-4732-a087-dbdcd7f2fac2,1.0,,,0.809
10494,Kiran Manor,"2150 East Flintock Way, Chandler, Az 85286",https://www.seniorly.com/assisted-living/arizona/chandler/kiran-manor,8322,Kiran Manor,"2150 East Flintlock Way, Chandler, Az 85286",https://app.seniorplace.com/communities/show/3e050fd8-0ba9-4499-80ea-63260008d5b1,0.9863013698630136,,,1.000
10495,Villa Jean I,"704 West Cheyenne Drive, Chandler, Az 85225",https://www.seniorly.com/assisted-living/arizona/chandler/villa-jean-i-llc,10130,Villa Jean,"704 West Cheyenne Drive, Chandler, Az 85225",https://app.seniorplace.com/communities/show/8ef1dfff-f0ed-4b54-ba12-6d019ad4a538,1.0,,,0.909
10505,Amore Courtyard Assisted Living,"643 East La Costa Drive, Chandler, Az 85249",https://www.seniorly.com/assisted-living/arizona/chandler/amore-courtyard-assisted-living-home-llc,6882,Amore Garden Assisted Living,"643 East La Costa Drive, Chandler, Az 85249",https://app.seniorplace.com/communities/show/4c211638-9e7c-45d1-a9fe-cc079ff12b38,1.0,,,0.847
10521,Marigold Assisted Living,"4312 East Redwood Lane, Phoenix, Az 85048",https://www.seniorly.com/assisted-living/arizona/phoenix/marigold-assisted-living,8610,Marigold At Redwood Assisted Living,"4312 East Redwood Lane, Phoenix, Az 85048",https://app.seniorplace.com/communities/show/4fd89053-c24a-4f12-8ff5-db13faaa2e6b,1.0,,207,0.814
10536,Caissa Assisted Living,"460 East Phelps Street, Gilbert, Az 85296",https://www.seniorly.com/assisted-living/arizona/gilbert/caissa-assisted-living-home-inc-460-east-phelps-street-gilbert,7182,Caissa Assisted Living,"460 East Phelps Street, Gilbert, Az 85295",https://app.seniorplace.com/communities/show/1f34b89c-3246-4353-a07c-98a2285bbf56,0.96875,,,1.000
10562,Mary Grace Care Home I,"74 South Prairie Road, Gilbert, Az 85296",https://www.seniorly.com/assisted-living/arizona/gilbert/mary-grace-care-home-i,8635,Mary Grace Care Home,"74 South Prairie Road, Gilbert, Az 85296",https://app.seniorplace.com/communities/show/2cd9e2a2-1d6b-4a50-9229-d8802ebf87ec,1.0,,,0.952
10588,Az Assisted Living,"21894 South 199Th Way, Queen Creek, Az 85142",https://www.seniorly.com/assisted-living/arizona/queen-creek/az-assisted-living,6939,Arizona Assisted Living,"21894 South 199Th Way, Queen Creek, Az 85142",https://app.seniorplace.com/communities/show/1e4934ed-11fc-43d1-bc4e-8af3e0bfbd62,1.0,,,0.878
10590,Alder Leaf Assisted Living,"21151 East Via De Arboles, Queen Creek, Az 85142",https://www.seniorly.com/assisted-living/arizona/queen-creek/alder-leaf-assisted-living,6835,Alder Leaf Assisted Living,"21151 Vía De Arboles, Queen Creek, Az 85142",https://app.seniorplace.com/communities/show/4a010675-d490-4298-9b79-f3d609b967d8,0.9523809523809523,,,1.000
10591,Acuna At Morning Sun,"35597 North Bandolier Drive, San Tan Valley, Az 85142",https://www.seniorly.com/assisted-living/arizona/san-tan-valley/acuna-at-morning-sun,6790,Acuna At Morning Sun,"35597 North Bandolier Drive, San Tan Valley, Az 85144",https://app.seniorplace.com/communities/show/4a1723d3-48f1-4940-a331-09f58491e80f,0.9772727272727273,,,1.000
10593,Renatas Home For The Elderly,"2268 West Peggy Drive, Queen Creek, Az 85242",https://www.seniorly.com/assisted-living/arizona/queen-creek/renata-s-home-for-the-elderly,9258,Renatas Home For The Elderly,"2268 West Peggy Drive, Queen Creek, Az 85142",https://app.seniorplace.com/communities/show/514dccc8-8d16-4e1a-9633-7b99e5b3ebd8,0.9722222222222222,,,1.000
10613,Mingus Terrace Assisted Living,"1236 South Pioneer Drive, Cottonwood, Az 86326",https://www.seniorly.com/assisted-living/arizona/cottonwood/mingus-terrace-assisted-living-home,8707,Mingus Terrace Assisted Living,"1236 Pioneer Drive, Cottonwood, Az 86326",https://app.seniorplace.com/communities/show/91209b4a-0a5c-4a30-a72d-fb4295edd259,0.9722222222222222,,,1.000
10622,Ativo Senior Living Of Prescott Valley,"3951 North Viewpoint Drive, Prescott Valley, Az 86314",https://www.seniorly.com/assisted-living/arizona/prescott-valley/ativo-senior-living-of-prescott-valley,7009,Ativo Senior Living Prescott Valley,"3951 North Viewpoint Drive, Prescott Valley, Az 86314",https://app.seniorplace.com/communities/show/a139753c-ebb6-4355-8c06-50a8cbc0a3f3,1.0,,,0.959
10635,The Gardens Of Sun City,"17225 North Boswell Boulevard, Sun City, Az 85373",https://www.seniorly.com/assisted-living/arizona/sun-city/the-gardens-of-sun-city,9872,The Gardens Of Sun City,"17225 Boswell Boulevard, Sun City, Az 85373",https://app.seniorplace.com/communities/show/454e6d77-332f-428b-a893-bdff1be68785,0.972972972972973,,,1.000
10638,Sun City West Assisted Living,"13810 West Sandridge Drive, Sun City West, Az 85375",https://www.seniorly.com/assisted-living/arizona/sun-city-west/sun-city-west-assisted-living,9696,Sun City West Assisted Living Memory Care,"13810 West Sandridge Drive, Sun City West, Az 85375",https://app.seniorplace.com/communities/show/158dd27c-96a5-4c4b-a703-beb75956e788,1.0,,,0.829
10655,The Heritage Legacy,"13813 West Woodside Drive, Sun City West, Az 85375",https://www.seniorly.com/assisted-living/arizona/sun-city-west/the-heritage-legacy,8066,Heritage Legacy,"13813 West Woodside Drive, Sun City West, Az 85375",https://app.seniorplace.com/communities/show/1f48458b-8378-4cad-a30c-15d700e72025,1.0,,,0.882
10666,Angels Touch Care Home,"1974 East Clear Lake Drive, Fort Mohave, Az 86426",https://www.seniorly.com/assisted-living/arizona/fort-mohave/angel-s-touch-care-home,6899,Angels Touch Care Home,"1974 Clear Lake Drive, Fort Mohave, Az 86426",https://app.seniorplace.com/communities/show/e80c0309-4f98-432c-b1ea-277225d9f702,0.975,,,1.000
10668,Morningstar Of Fountain Hills,"16800 East Paul Nordin Parkway, Fountain Hills, Az 85268",https://www.seniorly.com/assisted-living/arizona/fountain-hills/morning-star-of-fountain-hills,8755,Morningstar Of Fountain Hills,"16800 Paul Nordin Parkway, Fountain Hills, Az 85268",https://app.seniorplace.com/communities/show/4b3cc668-9f76-457b-ae03-94094ee30eea,0.9787234042553191,,,1.000
10675,Fountainview Assisted Living Facility,"16328 East Montrose Drive, Fountain Hills, Az 85268",https://www.seniorly.com/assisted-living/arizona/fountain-hills/fountainview-assisted-living-facility,7738,Fountainview Assisted Living,"16328 East Montrose Drive, Fountain Hills, Az 85268",https://app.seniorplace.com/communities/show/3534f469-73b5-4aca-923a-588dc5f38342,1.0,,,0.862
10678,Scottsdale North,"9883 East Cortez Street, Scottsdale, Az 85260",https://www.seniorly.com/assisted-living/arizona/scottsdale/scottsdale-north,9410,Scottsdale North Inc A L,"9883 East Cortez Street, Scottsdale, Az 85260",https://app.seniorplace.com/communities/show/688eb5d5-6dca-4c49-8ebf-619c99420554,1.0,,,0.800
10679,East Shea Assisted Living,"12705 East Sahuaro Drive, Scottsdale, Az 85259",https://www.seniorly.com/assisted-living/arizona/scottsdale/east-shea-assisted-living-llc,7490,East Shea Ii Assisted Living,"12705 East Sahuaro Drive, Scottsdale, Az 85259",https://app.seniorplace.com/communities/show/d155f536-9ffd-4f78-b8f0-0aae6c4d9a04,1.0,,,0.943
10686,Via Linda Assisted Livng,"11420 North 122Nd Place, Scottsdale, Az 85259",https://www.seniorly.com/assisted-living/arizona/scottsdale/via-linda-assisted-livng,10110,Via Linda Assisted Living 2,"11420 North 122Nd Place, Scottsdale, Az 85259",https://app.seniorplace.com/communities/show/00ccbd39-737e-42c6-970f-be04bbabd6e5,1.0,,,0.941
10719,New Reflections Adult Care Home,"6412 West Villa Theresa, Glendale, Az 85308",https://www.seniorly.com/assisted-living/arizona/glendale/new-reflections-adult-care-home,8812,New Reflections Adult Care Home,"6412 West Villa Theresa Drive, Glendale, Az 85308",https://app.seniorplace.com/communities/show/1b6a5acd-0698-41dc-a137-f754883bb6f5,0.9620253164556962,,,1.000
10724,Bridgewater Assisted Living Midtown,"4000 North 3Rd Avenue, Phoenix, Az 85013",https://www.seniorly.com/assisted-living/arizona/phoenix/bridgewater-assisted-living-midtown,7137,Bridgewater Assisted Livingmidtown,"4000 North 3Rd Avenue, Phoenix, Az 85013",https://app.seniorplace.com/communities/show/4c89f81c-62ec-4926-ba05-1085958fe1df,1.0,,,0.986
10737,Angels Paradise Care Home Glendale,"5582 West Becker Lane, Glendale, Az 85304",https://www.seniorly.com/assisted-living/arizona/glendale/angels-paradise-care-home-glendale,6906,Angels Paradise Care Home 2,"5582 West Becker Lane, Glendale, Az 85304",https://app.seniorplace.com/communities/show/feb56323-3312-4115-bf7b-c80d74e98597,1.0,,,0.852
10747,Annies Care Home,"6008 West Juniper Avenue, Glendale, Az 85306",https://www.seniorly.com/assisted-living/arizona/glendale/annie-s-care-home,6913,Annies Care Home,"6008 West Juniper Avenue, Glendale, Az 85308",https://app.seniorplace.com/communities/show/65035053-e6bb-42bc-ad95-1b7a53e51c48,0.9722222222222222,,,1.000
10749,Kristal Bell Assisted Home,"4950 West Phelps Road, Glendale, Az 85306",https://www.seniorly.com/assisted-living/arizona/glendale/kristal-bell-assisted-home,8336,Kristal Bell Assisted Living,"4950 West Phelps Road, Glendale, Az 85308",https://app.seniorplace.com/communities/show/ad6356c1-9c6b-474a-8a8a-7a139f8bd58c,0.9705882352941176,,,0.815
10768,The Next Genesis Ii,"3638 West Tonto Lane, Glendale, Az 85308",https://www.seniorly.com/assisted-living/arizona/glendale/the-next-genesis-ii,9916,The Next Genesis I I,"3638 West Tonto Lane, Glendale, Az 85308",https://app.seniorplace.com/communities/show/5b34ace1-466c-449f-8c15-e6d0d0144be1,1.0,,,0.974
10780,Bridgewater Assisted Living Deer Valley,"2641 West Union Hills Drive, Phoenix, Az 85027",https://www.seniorly.com/assisted-living/arizona/phoenix/bridgewater-assisted-living-deer-valley,7135,Bridgewater Assisted Living,"2641 West Union Hills Drive, Phoenix, Az 85027",https://app.seniorplace.com/communities/show/5bba8892-3a6f-4135-8bf7-e64d6846f364,1.0,,,0.818
10793,A Lane Adult Care Home,"3729 West Lane Avenue, Phoenix, Az 85051",https://www.seniorly.com/assisted-living/arizona/phoenix/a-lane-adult-care-home,8888,Ohana Adult Care Home,"3729 West Lane Avenue, Phoenix, Az 85051",https://app.seniorplace.com/communities/show/eec181f0-2c50-4780-ad45-699749d6837f,1.0,,,0.837
10802,A Touch Of Exceilence,"7763 West Ludlow Drive, Peoria, Az 85381",https://www.seniorly.com/assisted-living/arizona/peoria/a-touch-of-exceilence-llc,6754,A Touch Of Excelence,"7763 West Ludlow Drive, Peoria, Az 85381",https://app.seniorplace.com/communities/show/41b21cdc-1cfc-4014-9e21-df415b1d314f,1.0,,,0.976
10805,Bsd Home Care,"1413 West San Miguel Avenue, Phoenix, Az 85013",https://www.seniorly.com/assisted-living/arizona/phoenix/b-s-d-home-care-llc,7057,Bs D Home Care,"1413 West San Miguel Avenue, Phoenix, Az 85013",https://app.seniorplace.com/communities/show/89f7e5af-30f5-4831-9053-3b291c6efd04,1.0,,,0.963
10809,Care More Assisted Living,"2532 West Larkspur Drive, Phoenix, Az 85029",https://www.seniorly.com/assisted-living/arizona/phoenix/care-more-assisted-living,8277,Joy Care Assisted Living,"2532 West Larkspur Drive, Phoenix, Az 85029",https://app.seniorplace.com/communities/show/bcdc40a3-670e-4d8f-a4b8-6074f39a0668,1.0,,,0.816
10816,Fisher Family Home,"2927 West Redfield, Phoenix, Az 85053",https://www.seniorly.com/assisted-living/arizona/phoenix/fisher-family-home,7700,Fisher Family Home,"2927 West Redfield Road, Phoenix, Az 85053",https://app.seniorplace.com/communities/show/19ba9f83-1d9c-4ab2-ae45-dca8ed10b1ff,0.9552238805970149,,,1.000
10855,Arroyo Gardens Independent Assisted Living,"160 North La Canada Drive, Green Valley, Az 85614",https://www.seniorly.com/assisted-living/arizona/green-valley/arroyo-gardens-independent-assisted-living,6975,Arroyo Gardens Independent And Assisted Living,"160 North La Cañada Drive, Green Valley, Az 85614",https://app.seniorplace.com/communities/show/7c931dcf-319e-49bf-a79f-9e46aba7ffbe,0.975,,,0.955
10867,Via Elegante Sierra Vista,"4120 East Ramsey Road, Hereford, Az 85615",https://www.seniorly.com/assisted-living/arizona/hereford/via-elegante-sierra-vista,10104,Via Elegante Sierra Vista Canyons,"4120 East Ramsey Road, Hereford, Az 85615",https://app.seniorplace.com/communities/show/4b5645de-6c7f-4c7e-adff-709521dbea7f,1.0,,,0.862
10872,Beehive Homes Of Sierra Vista,"4110 East Anderson Street, Sierra Vista, Az 85650",https://www.seniorly.com/assisted-living/arizona/sierra-vista/beehive-homes-of-sierra-vista,7074,Beehive Homes Of Sierra Vista,"4110 East Anderson Road, Sierra Vista, Az 85650",https://app.seniorplace.com/communities/show/a04d19e6-b5c9-457c-97a4-f37b533cf0cf,0.95,,,1.000
10873,Cerbat Guest Home,"2364 Carver Avenue, Kingman, Az 86401",https://www.seniorly.com/assisted-living/arizona/kingman/cerbat-guest-home,7259,Cerbat Guest Home,"2364 Carver Avenue, Kingman, Az 86409",https://app.seniorplace.com/communities/show/b3aac00b-2f40-4799-9dc7-560f1b139636,0.96875,,,1.000
10874,Hope Haven Assisted Living,"2615 Chamber Avenue, Kingman, Az 86401",https://www.seniorly.com/assisted-living/arizona/kingman/hope-haven-assisted-living-home,8142,Hope Haven Assisted Living,"2615 Chambers Avenue, Kingman, Az 86401",https://app.seniorplace.com/communities/show/4dfd92d1-51a8-4ae2-a69d-2bcd096afa3b,0.9850746268656716,,,1.000
10903,Daylight Assisted Living Facility,"1345 West Atlanta Avenue, Phoenix, Az 85041",https://www.seniorly.com/assisted-living/arizona/phoenix/daylight-assisted-living-facility,7379,Daylight Assisted Living,"1345 West Atlanta Avenue, Phoenix, Az 85041",https://app.seniorplace.com/communities/show/147d8b32-1fb7-4e29-b468-6cb30c008567,1.0,,,0.842
10904,St Charles Place Iii,"6835 South 19Th Place, Phoenix, Az 85042",https://www.seniorly.com/assisted-living/arizona/phoenix/st-charles-place-iii,9607,St Charles Place Llc Iii,"6835 South 19Th Place, Phoenix, Az 85042",https://app.seniorplace.com/communities/show/098adce9-10ea-4a23-abd5-f2445f421c61,1.0,,,0.909
10905,Chekela Turners Place Iii,"2136 West Maldonado, Phoenix, Az 85041",https://www.seniorly.com/assisted-living/arizona/phoenix/chekela-turners-place-iii,7270,Chekela Turners Place Iii,"2136 West Maldonado Road, Phoenix, Az 85041",https://app.seniorplace.com/communities/show/37c60f15-de7b-45df-8171-fb0af53c8f3d,0.9565217391304348,,,1.000
10906,Motherdears Place,"2711 East Valencia Drive, Phoenix, Az 85042",https://www.seniorly.com/assisted-living/arizona/phoenix/motherdear-s-place-llc,8763,Motherdears Place I,"2711 East Valencia Drive, Phoenix, Az 85042",https://app.seniorplace.com/communities/show/bd7dedb7-b563-468e-a02d-cc9895a3d766,1.0,,,0.944
10908,The Watermark At Continental Ranch,"8689 North Silverbell Road, Tucson, Az 85743",https://www.seniorly.com/assisted-living/arizona/tucson/the-watermark-at-continental-ranch,10176,Watermark At Continental Ranch,"8689 North Silverbell Road, Tucson, Az 85743",https://app.seniorplace.com/communities/show/bc5e2a33-0936-4d4f-996e-785e7a8422dd,1.0,,,0.938
10919,Extended Family Ii,"2303 East Hermosa Vista Drive, Mesa, Az 85213",https://www.seniorly.com/assisted-living/arizona/mesa/extended-family-ii-alh,7623,Extended Family Ii Alh,"2303 East Hermosa Vista Drive, Mesa, Az 85213",https://app.seniorplace.com/communities/show/14146e90-f058-4382-907a-26f8d3daa176,1.0,,,0.900
10921,Mesa Adult Care Home Ii,"317 East Leland Street, Mesa, Az 85201",https://www.seniorly.com/assisted-living/arizona/mesa/mesa-adult-care-home-ii,8694,Mesa Adult Care Home I I,"317 East Leland Street, Mesa, Az 85201",https://app.seniorplace.com/communities/show/124cb50e-74fd-41fd-b7b9-1422776dd41e,1.0,,,0.979
10927,The Watermark At Oro Valley,"9005 North Oracle Road, Oro Valley, Az 85704",https://www.seniorly.com/assisted-living/arizona/oro-valley/the-watermark-at-oro-valley,9998,The Watermark Of Oro Valley,"9005 North Oracle Road, Oro Valley, Az 85704",https://app.seniorplace.com/communities/show/ab1c8082-90c8-4d08-a39c-695befc89afc,1.0,,,0.926
10928,Inspirations Of River Centre,"5665 East River Road, Tucson, Az 85750",https://www.seniorly.com/assisted-living/arizona/tucson/inspirations-of-river-centre,8227,Inspirations Of River Center,"5665 East River Road, Tucson, Az 85750",https://app.seniorplace.com/communities/show/a02921e9-30d9-4261-b8cb-3eb6bc474cb5,1.0,,,0.964
10929,Avista Senior Living Tucson,"3701 North Swan Road, Tucson, Az 85718",https://www.seniorly.com/assisted-living/arizona/tucson/avista-senior-living-tucson,7028,Avista Senior Living,"3701 North Swan Road, Tucson, Az 85718",https://app.seniorplace.com/communities/show/37f61f7b-d278-43f1-8e69-5908b30eae0d,1.0,,,0.851
10936,The Hacienda At The River,"2720 East River Road, Tucson, Az 85718",https://www.seniorly.com/assisted-living/arizona/tucson/the-hacienda-at-the-river-tucson,7948,Hacienda At The River,"2720 East River Road, Tucson, Az 85718",https://app.seniorplace.com/communities/show/086ebc54-51a6-432b-8847-d818a87772d2,1.0,,,0.913
10941,The Villas At La Canada Villa M,"6876 North Desert Harbor Place, Tucson, Az 85704",https://www.seniorly.com/assisted-living/arizona/tucson/the-villas-at-la-canada-villa-m,9056,Park Senior Villas At La Canada Villa M,"6876 North Desert Harbor Place, Tucson, Az 85704",https://app.seniorplace.com/communities/show/310c921c-e199-4039-b02f-49e3e5dfc3ae,1.0,,,0.829
10961,Spring Days Adult Care Home,"6710 North Leonardo Da Vinci, Tucson, Az 85704",https://www.seniorly.com/assisted-living/arizona/tucson/spring-days-adult-care-home-llc,9595,Spring Days Adult Care Home,"6710 North Leonardo Da Vinci Way, Tucson, Az 85704",https://app.seniorplace.com/communities/show/c85a887c-5fb1-4dbe-b106-ad63f6f667f3,0.963855421686747,,,1.000
10966,Normandel Place,"7572 North Casa Blanca Drive, Tucson, Az 85704",https://www.seniorly.com/assisted-living/arizona/tucson/normandel-place-llc,8822,Normandel Place,"7572 North Casablanca Drive, Tucson, Az 85704",https://app.seniorplace.com/communities/show/ddf94083-ab1b-4628-b655-ae0233aa7374,0.9863013698630136,,,1.000
10970,The Villas At La Canada Villa I,"1487 West Desert Harbor Circle, Tucson, Az 85704",https://www.seniorly.com/assisted-living/arizona/tucson/the-villas-at-la-canada-villa-i,9044,Park Senior Villas At La Canada Villa I,"1487 West Desert Harbor Circle, Tucson, Az 85704",https://app.seniorplace.com/communities/show/87602c58-fefc-4154-9b31-75859cf00c2f,1.0,,,0.829
10971,The Villas At La Canada Villa L,"1468 West Desert Harbor Circle, Tucson, Az 85704",https://www.seniorly.com/assisted-living/arizona/tucson/the-villas-at-la-canada-villa-l,9054,Park Senior Villas At La Canada Villa L,"1468 West Desert Harbor Circle, Tucson, Az 85704",https://app.seniorplace.com/communities/show/55a863fb-5bc4-4eda-8037-a2884c5eca23,1.0,,,0.829
11001,Bethesda Gardens,"13825 North Cave Creek Road, Phoenix, Az 85022",https://www.seniorly.com/assisted-living/arizona/phoenix/bethesda-gardens,7102,Bethesda Gardens Phoenix,"13825 North Cave Creek Road, Phoenix, Az 85022",https://app.seniorplace.com/communities/show/e593a963-cccd-4248-9757-e9c47cf5ce31,1.0,,,0.800
11004,Paradise Living Centers Arcadia,"3937 East Montecito Avenue, Phoenix, Az 85018",https://www.seniorly.com/assisted-living/arizona/phoenix/paradise-living-centers-arcadia,8972,Paradise Living Centers Camelback,"3937 East Montecito Avenue, Phoenix, Az 85018",https://app.seniorplace.com/communities/show/258ea158-a29e-4a9c-8751-5ea3e8807565,1.0,,,0.844
11007,Vista Living Senior Care Paradise Valley,"4810 East Hummingbird Lane, Paradise Valley, Az 85253",https://www.seniorly.com/assisted-living/arizona/paradise-valley/vista-living-senior-care-paradise-valley,10163,Vista Living Paradise Valley,"4810 East Hummingbird Lane, Paradise Valley, Az 85253",https://app.seniorplace.com/communities/show/efbe7add-d0cf-46a2-bbc7-166ee72e1fe8,1.0,,,0.824
11010,Clearwater Mayo Boulevard,"6650 East Mayo Boulevard, Phoenix, Az 85054",https://www.seniorly.com/assisted-living/arizona/phoenix/clearwater-mayo-boulevard,7300,Clearwater Mayo Blvd,"6650 East Mayo Boulevard, Phoenix, Az 85054",https://app.seniorplace.com/communities/show/09a83411-4201-4df2-9f2f-3b237ac85b88,1.0,,,0.889
11014,Danila Care Home,"16033 North 17Th Place, Phoenix, Az 85022",https://www.seniorly.com/assisted-living/arizona/phoenix/danila-care-home,7374,Danila Care Home I I,"16033 North 17Th Place, Phoenix, Az 85022",https://app.seniorplace.com/communities/show/5d3344a9-33ea-4ea9-82ff-488d75f08267,1.0,,,0.889
11017,Hazelwood Manor Assisted Living,"8319 East Hazelwood, Scottsdale, Az 85251",https://www.seniorly.com/assisted-living/arizona/scottsdale/hazelwood-manor-assisted-living,8026,Hazelwood Manor Assisted Living,"8319 East Hazelwood Street, Scottsdale, Az 85251",https://app.seniorplace.com/communities/show/92beb47c-88b7-481e-99ee-f60f8577dcf2,0.96,,,1.000
11023,Caring For Loved Ones Ii,"14810 North 52Nd Street, Scottsdale, Az 85254",https://www.seniorly.com/assisted-living/arizona/scottsdale/caring-for-loved-ones-ii,7219,Caring For Loved Ones,"14810 North 52Nd Street, Scottsdale, Az 85254",https://app.seniorplace.com/communities/show/9ca9e660-7c87-4d22-bead-6bc5411dbce6,1.0,,,0.933
11027,Arabian Views Assisted Living One,"5501 East Woodridge Drive, Scottsdale, Az 85254",https://www.seniorly.com/assisted-living/arizona/scottsdale/arabian-views-assisted-living-one,6919,Arabian Views Assisted Living,"5501 East Woodridge Drive, Scottsdale, Az 85254",https://app.seniorplace.com/communities/show/b45ce3e6-022b-488a-b50c-ad17f00b51c2,1.0,,,0.935
11037,Bella Vita Residential Assisted Living,"4511 East Cholla Street, Phoenix, Az 85028",https://www.seniorly.com/assisted-living/arizona/phoenix/bella-vita-residential-assisted-living,7082,Bella Vita Residential Assisted Living Llc On Cholla St,"4511 East Cholla Street, Phoenix, Az 85028",https://app.seniorplace.com/communities/show/e793690d-88b8-4e0b-912c-e774ddde3986,1.0,,,0.817
11040,Sunnyhill Adult Care Home Ii,"7311 East Sunnyside Drive, Scottsdale, Az 85260",https://www.seniorly.com/assisted-living/arizona/scottsdale/sunnyhill-adult-care-home-ii,9733,Sunnyhill Adult Care Home Inc Ii,"7311 East Sunnyside Drive, Scottsdale, Az 85260",https://app.seniorplace.com/communities/show/def46cb4-8674-420d-9152-1368886df228,1.0,,,0.933
11044,Calinis Alos Ii,"10610 North 84Th Street, Scottsdale, Az 85260",https://www.seniorly.com/assisted-living/arizona/scottsdale/calini-s-alos-ii,7186,Calinis Alos I I,"10610 North 84Th Street, Scottsdale, Az 85260",https://app.seniorplace.com/communities/show/e2a2ffd1-fc32-46f0-bfef-ca0ab4fc7bae,1.0,,,0.968
11051,Arcadia Home Care,"3112 North 34Th Street, Phoenix, Az 85016",https://www.seniorly.com/assisted-living/arizona/phoenix/arcadia-home-care-llc,6927,Arcadia Home Care,"3112 North 34Th Street, Phoenix, Az 85018",https://app.seniorplace.com/communities/show/14a8787d-3de2-404f-8d7f-3f3a233df9f3,0.967741935483871,,,1.000
11063,Caring Hearts Assisted Care Home,"4029 East Pershing Avenue, Phoenix, Az 85032",https://www.seniorly.com/assisted-living/arizona/phoenix/caring-hearts-assisted-care-home,7221,Caring Hearts Assisted Care Home Phoenix,"4029 E Pershing Avenue, Phoenix, Az 85032",https://app.seniorplace.com/communities/show/d8a474f1-a3f5-4494-98ad-32e2c9942c67,1.0,,,0.889
11080,Secret Garden Assisted Living,"1320 West 7Th Street, Tempe, Az 85281",https://www.seniorly.com/assisted-living/arizona/tempe/secret-garden-assisted-living,9421,Secret Garden Assisted Living Ii,"1320 West 7Th Street, Tempe, Az 85281",https://app.seniorplace.com/communities/show/f3fa510f-f40b-4e3b-9530-0d181f4bbeb7,1.0,,,0.951
11086,Bellaire Assisted Living,"15350 North 29Th Street B2, Phoenix, Az 85032",https://www.seniorly.com/assisted-living/arizona/phoenix/bellaire-assisted-living,7084,Bellaire Assisted Living,"15350 North 29Th Street, Phoenix, Az 85032",https://app.seniorplace.com/communities/show/76a0cbde-db3e-4b85-b9ec-796d666c78dc,0.9552238805970149,,,1.000
11099,Ordinary Lifestyles,"401 North Laredo Lane, Payson, Az 85541",https://www.seniorly.com/assisted-living/arizona/payson/ordinary-lifestyles,8919,Ordinary Lifestyles,"401 Laredo Lane, Payson, Az 85541",https://app.seniorplace.com/communities/show/c5daf141-c42a-4c32-8c68-526bf880bf32,0.9666666666666667,,,1.000
11127,Jr Caring Hearts,"425 North Bernini Avenue, Sierra Vista, Az 85635",https://www.seniorly.com/assisted-living/arizona/sierra-vista/jr-caring-hearts,8289,Jr Caring Hearts,"425 Bernini Avenue, Sierra Vista, Az 85635",https://app.seniorplace.com/communities/show/44734d32-6a11-4737-9ab3-e9a076d98916,0.9736842105263158,,,1.000
11128,The Hacienda At The Canyon,"3900 North Sabino Canyon, Tucson, Az 85750",https://www.seniorly.com/assisted-living/arizona/tucson/the-hacienda-at-the-canyon,7950,Hacienda At The Canyon,"3900 North Sabino Canyon Road, Tucson, Az 85750",https://app.seniorplace.com/communities/show/5dc4260e-6ec4-4ada-b9b5-919170bb6c6f,0.96,,,0.917
11129,Fellowship Square Tucson,"8111 East Broadway Boulevard, Tucson, Az 85710",https://www.seniorly.com/assisted-living/arizona/tucson/fellowship-square,13073,Fellowship Square Tucson,"8111 E Broadway Boulevard, Tucson, Ariz 85710",https://app.seniorplace.com/communities/show/a7d4456b-8b07-456a-b690-93102f81f6b6,1.0,,,1.000
11137,Sherwood Village Assisted Living Memory Care,"102 South Sherwood Village Drive, Tucson, Az 85710",https://www.seniorly.com/assisted-living/arizona/tucson/sherwood-village-assisted-living-and-memory-care,9509,Sherwood Village Assisted Living And Memory Care,"102 South Sherwood Village Drive, Tucson, Az 85710",https://app.seniorplace.com/communities/show/27fd0baf-72ab-49f2-a85d-207648f40b5e,1.0,,,0.957
11144,Starfish Care Homes E River Hills Pl,"6611 East River Hills Place, Tucson, Az 85750",https://www.seniorly.com/assisted-living/arizona/tucson/starfish-care-homes-llc,9663,Starfish Care Homes Llc River Hills,"6611 East River Hills Place, Tucson, Az 85750",https://app.seniorplace.com/communities/show/e0490b9f-4def-4465-9e88-2d827c7524f8,1.0,,,0.901
11154,Rose Garden Senior Care,"3230 North Craycroft Road, Tucson, Az 85712",https://www.seniorly.com/assisted-living/arizona/tucson/rose-garden-senior-care-tucson,7932,Green Garden 1 Senior Care,"3230 North Craycroft Road, Tucson, Az 85712",https://app.seniorplace.com/communities/show/27a3c935-967a-4ffb-8481-80f3a0448599,1.0,,,0.857
11158,Shepherd Hills Senior Care,"6447 East Shepherd Hills, Tucson, Az 85710",https://www.seniorly.com/assisted-living/arizona/tucson/shepherd-hills-senior-care,9493,Shepherd Hills Senior Care,"6447 Shepherd Hills, Tucson, Az 85710",https://app.seniorplace.com/communities/show/d93f0c6c-3e69-400e-b949-5cb058cc0a1c,0.9722222222222222,,,1.000
11159,The Villas At Wilmot,"662 South Wilmot Road, Tucson, Az 85711",https://www.seniorly.com/assisted-living/arizona/tucson/the-villas-at-wilmot,9990,The Villas At Wilmot Villa G,"662 South Wilmot Road, Tucson, Az 85711",https://app.seniorplace.com/communities/show/5868dc31-fd8e-480b-9683-cf5b125da131,1.0,,,0.833
11176,Heavenly Assisted Living Facility,"444 South Colonia Avenue, Tucson, Az 85711",https://www.seniorly.com/assisted-living/arizona/tucson/heavenly-assisted-living-facility,8042,Heavenly Assisted Living,"444 South Colonia Avenue, Tucson, Az 85711",https://app.seniorplace.com/communities/show/8019db52-1b79-4eb4-89ee-943904ad4750,1.0,,,0.842
11198,From R Hearts,"6666 West Camino Pizarro, Tucson, Az 85757",https://www.seniorly.com/assisted-living/arizona/tucson/from-r-hearts-llc,7753,Fromrhearts,"6666 West Camino Pizarro, Tucson, Az 85757",https://app.seniorplace.com/communities/show/8333c51b-8292-4aef-ad7b-379fd89feb54,1.0,,,0.917
11213,A Special Place Care Home,"4240 West 21 Lane, Yuma, Az 85364",https://www.seniorly.com/assisted-living/arizona/yuma/a-special-place-care-home,6751,A Special Place Care Home,"4240 West 21St Lane, Yuma, Az 85364",https://app.seniorplace.com/communities/show/042870fa-33a5-4950-8945-d5c60e4e72cc,0.9629629629629629,,,1.000
