ID,Title,website
11880,A Love For Life,https://app.seniorplace.com/communities/show/b31963b7-62f0-40b1-b3b9-4575ca65a7ca
11882,A Love For Life,https://app.seniorplace.com/communities/show/c725d27a-f6ee-43ee-8c4c-48ec2263b25a
6741,A Paradise For Parents Senior Living,https://app.seniorplace.com/communities/show/b916b3de-25b3-4808-99ab-b8ca6dd07cf4
6742,A Paradise For Parents Senior Living,https://www.seniorly.com/assisted-living/arizona/goodyear/a-paradise-for-parent-s-senior-living-llc
6751,A Special Place Care Home,https://app.seniorplace.com/communities/show/042870fa-33a5-4950-8945-d5c60e4e72cc
11213,A Special Place Care Home,https://www.seniorly.com/assisted-living/arizona/yuma/a-special-place-care-home
11891,A Wildflower Assisted Living And Care Home,https://app.seniorplace.com/communities/show/b7be47eb-24c0-4098-889a-bd1b0832e4d3
11893,A Wildflower Assisted Living And Care Home,https://app.seniorplace.com/communities/show/9f431046-b830-4178-bf7b-b699e08d57a7
11895,A Wildflower Assisted Living And Care Home,https://app.seniorplace.com/communities/show/fb16a527-6630-4e2e-8901-810b8ffc9c10
11897,A Wildflower Assisted Living And Care Home,https://app.seniorplace.com/communities/show/084aa593-ae50-4291-be0c-c931ddd8dae2
11899,A Wildflower Assisted Living And Care Home,https://app.seniorplace.com/communities/show/bd722838-e59c-4e8b-a080-080ab0f0f8e9
11901,A Wildflower Assisted Living And Care Home,https://app.seniorplace.com/communities/show/ca95e8e7-6caf-43b9-8661-2ae230fd7ab0
6783,Acoma Assisted Living,https://app.seniorplace.com/communities/show/436ffb7b-0855-45a6-83db-d2ccc4eae64b
10784,Acoma Assisted Living,https://www.seniorly.com/assisted-living/arizona/phoenix/acoma-assisted-living-home
10993,Acoya Shea,https://www.seniorly.com/assisted-living/arizona/scottsdale/acoya-shea-senior-living
6786,Acoya Shea,https://app.seniorplace.com/communities/show/bd140ecf-f482-46a3-9097-dda13dc37447
6790,Acuna At Morning Sun,https://app.seniorplace.com/communities/show/4a1723d3-48f1-4940-a331-09f58491e80f
10591,Acuna At Morning Sun,https://www.seniorly.com/assisted-living/arizona/san-tan-valley/acuna-at-morning-sun
11952,Advantage Assisted Living,https://app.seniorplace.com/communities/show/82020c19-819a-419b-ab4a-9569e6e87558
11950,Advantage Assisted Living,https://app.seniorplace.com/communities/show/bec08a19-13aa-433e-923d-1d5b282b29ac
10300,Aging Gracefully,https://www.seniorly.com/assisted-living/arizona/glendale/aging-gracefully
6824,Aging Gracefully,https://app.seniorplace.com/communities/show/31e82778-f8da-4b56-b711-5c6b5523b347
6830,Ahwatukee Manor Assisted Living,https://app.seniorplace.com/communities/show/ab7a2842-cf71-4e7c-87a4-78ef120ebcdb
6829,Ahwatukee Manor Assisted Living,https://app.seniorplace.com/communities/show/742984c9-e721-4864-a81d-885a86f76e95
10590,Alder Leaf Assisted Living,https://www.seniorly.com/assisted-living/arizona/queen-creek/alder-leaf-assisted-living
6835,Alder Leaf Assisted Living,https://app.seniorplace.com/communities/show/4a010675-d490-4298-9b79-f3d609b967d8
6848,Aloha Assisted Living,https://www.seniorly.com/assisted-living/arizona/tucson/aloha-assisted-living-home-llc
6849,Aloha Assisted Living,https://www.seniorly.com/assisted-living/arizona/scottsdale/aloha-assisted-living-scottsdale
6864,Amazing Comfort Homes,https://app.seniorplace.com/communities/show/abff60fc-e8fd-45b7-98ac-21b3f767a7d2
6863,Amazing Comfort Homes,https://app.seniorplace.com/communities/show/1ba55b01-46bf-4390-8c4a-836c01f54698
6894,Angel Wings Assisted Living,https://app.seniorplace.com/communities/show/d0df1fb4-66b2-453b-9450-e3a222789a0d
6893,Angel Wings Assisted Living,https://app.seniorplace.com/communities/show/3a0be5d4-1e65-4990-8d4b-af63ad6e1640
6901,Angelas Assisted Living Ii,https://app.seniorplace.com/communities/show/55f8a702-183e-437b-82d3-a9e5b495657e
6900,Angelas Assisted Living Ii,https://app.seniorplace.com/communities/show/49fe88dd-09f0-40e3-9b75-3b7a639851bc
6899,Angels Touch Care Home,https://app.seniorplace.com/communities/show/e80c0309-4f98-432c-b1ea-277225d9f702
10666,Angels Touch Care Home,https://www.seniorly.com/assisted-living/arizona/fort-mohave/angel-s-touch-care-home
6908,Angels Wings Assisted Living,https://app.seniorplace.com/communities/show/d6b5dbcb-9de3-48db-890f-dbc6317377bd
10600,Angels Wings Assisted Living,https://www.seniorly.com/assisted-living/arizona/chandler/angels-wings-assisted-living-home
6912,Annes Assisted Living,https://app.seniorplace.com/communities/show/95ddd5ac-8e26-4803-b5c5-0a2a8bfbccee
6911,Annes Assisted Living,https://app.seniorplace.com/communities/show/21aa939c-ef0c-46f6-985e-9c670b299c58
6913,Annies Care Home,https://app.seniorplace.com/communities/show/65035053-e6bb-42bc-ad95-1b7a53e51c48
10747,Annies Care Home,https://www.seniorly.com/assisted-living/arizona/glendale/annie-s-care-home
6915,Anthem Senior Living,https://app.seniorplace.com/communities/show/de6a9d77-02fe-4ea7-9d51-1f1d30c9cef4
10277,Anthem Senior Living,https://www.seniorly.com/assisted-living/arizona/phoenix/anthem-senior-living
12005,Apple Tree Assisted Living,https://app.seniorplace.com/communities/show/6aff27fd-d0c0-4dce-8b2e-dec210a57b5b
12003,Apple Tree Assisted Living,https://app.seniorplace.com/communities/show/5baab959-b6d4-426a-b7b1-6cdab8b9d892
10305,Arbor Rose Senior Care,https://www.seniorly.com/assisted-living/arizona/mesa/arbor-rose-senior-care
6921,Arbor Rose Senior Care,https://app.seniorplace.com/communities/show/6bd1d1e6-1ddf-4a8f-8cb3-549fd20ef4a3
12038,Arbor View,https://app.seniorplace.com/communities/show/7acf57b0-00ed-410b-9481-5f32ef2fe0ba
12036,Arbor View,https://app.seniorplace.com/communities/show/058536c2-6017-463a-b7b3-b771bb5001de
11051,Arcadia Home Care,https://www.seniorly.com/assisted-living/arizona/phoenix/arcadia-home-care-llc
6927,Arcadia Home Care,https://app.seniorplace.com/communities/show/14a8787d-3de2-404f-8d7f-3f3a233df9f3
10477,Archangel Assisted Living,https://www.seniorly.com/assisted-living/arizona/chandler/archangel-assisted-living
6930,Archangel Assisted Living,https://www.seniorly.com/assisted-living/arizona/chandler/archangel-assisted-living-inc
6932,Arden Haven Assisted Living,https://app.seniorplace.com/communities/show/d44b14cb-44d1-42f6-82cb-8bbbbaf7307c
6931,Arden Haven Assisted Living,https://app.seniorplace.com/communities/show/f9055310-49ad-44ad-88c9-d41ed1ba8469
6935,Arden Villa,https://app.seniorplace.com/communities/show/153b87e6-0c6f-47ab-83ee-88fc07fe8a1f
6934,Arden Villa,https://app.seniorplace.com/communities/show/edebcb53-a1b1-4217-a91b-0efb68e80fca
10623,Arizona Angels,https://www.seniorly.com/assisted-living/arizona/dewey/arizona-angels-dewey
10628,Arizona Angels,https://www.seniorly.com/assisted-living/arizona/prescott-valley/arizona-angels-prescott-valley
6939,Arizona Assisted Living,https://app.seniorplace.com/communities/show/1e4934ed-11fc-43d1-bc4e-8af3e0bfbd62
6938,Arizona Assisted Living,https://app.seniorplace.com/communities/show/6d870139-c74a-493e-a50b-ddcda0a0a862
6965,Armada Care Homes,https://www.seniorly.com/assisted-living/arizona/mesa/armada-care-homes-mesa
6964,Armada Care Homes,https://app.seniorplace.com/communities/show/77dece73-4254-409d-9c77-a0907cb7cff8
6984,Aspen Care Assisted Living,https://app.seniorplace.com/communities/show/44a38542-c054-422b-b097-0a397a4ee14f
10976,Aspen Care Assisted Living,https://www.seniorly.com/assisted-living/arizona/tucson/aspen-care-assisted-living-home-llc
6999,Asterion Acres,https://app.seniorplace.com/communities/show/1bbe84ad-613e-436c-9281-e820ca816acc
6998,Asterion Acres,https://www.seniorly.com/assisted-living/arizona/tucson/asterion-acres-llc
7018,Audreys Adult Care Home,https://app.seniorplace.com/communities/show/52090450-f1bf-4569-b61b-138e912a332d
7016,Audreys Adult Care Home,https://app.seniorplace.com/communities/show/2b6fd48c-7e3a-4285-8695-fd3acb2c123e
10879,Avista Senior Living Lake Havasu,https://www.seniorly.com/assisted-living/arizona/lake-havasu-city/avista-senior-living-lake-havasu
7031,Avista Senior Living Lake Havasu,https://app.seniorplace.com/communities/show/df741e72-7ad0-4ab8-b225-cb7dbf8f6bdc
7033,Avista Senior Living North Mountain,https://www.seniorly.com/assisted-living/arizona/phoenix/avista-senior-living-north-mountain
10771,Avista Senior Living North Mountain,https://www.seniorly.com/assisted-living/arizona/pheonix/avista-senior-living-north-mountain-pheonix
7032,Avista Senior Living Payson,https://app.seniorplace.com/communities/show/6524a1bd-6598-416c-96f0-ba310c7f0860
11097,Avista Senior Living Payson,https://www.seniorly.com/assisted-living/arizona/payson/avista-senior-living-payson
7062,Barton House Ii,https://app.seniorplace.com/communities/show/f777c265-88f2-434f-9e94-d636428741ca
7063,Barton House Ii,https://app.seniorplace.com/communities/show/b00b5c68-22e3-49f2-b9d4-5e55a2baa921
10804,Beebes Assisted Living,https://www.seniorly.com/assisted-living/arizona/phoenix/beebes-assisted-living-llc
10779,Beebes Assisted Living,https://www.seniorly.com/assisted-living/arizona/phoenix/beebes-assisted-living-llc-
7074,Beehive Homes Of Sierra Vista,https://app.seniorplace.com/communities/show/a04d19e6-b5c9-457c-97a4-f37b533cf0cf
10872,Beehive Homes Of Sierra Vista,https://www.seniorly.com/assisted-living/arizona/sierra-vista/beehive-homes-of-sierra-vista
11086,Bellaire Assisted Living,https://www.seniorly.com/assisted-living/arizona/phoenix/bellaire-assisted-living
7084,Bellaire Assisted Living,https://app.seniorplace.com/communities/show/76a0cbde-db3e-4b85-b9ec-796d666c78dc
12415,Best Assisted Living,https://app.seniorplace.com/communities/show/76f1ce14-136e-4172-988a-b1ec17ff6afd
12413,Best Assisted Living,https://app.seniorplace.com/communities/show/aabc92cc-1f77-475a-8929-f7f43f67a1ba
7094,Best Care Home Of Moon Valley,https://www.seniorly.com/assisted-living/arizona/phoenix/best-care-home-of-moon-valley
7095,Best Care Home Of Moon Valley,https://www.seniorly.com/assisted-living/arizona/phoenix/best-care-home-of-moon-valley-llc-phoenix
7125,Blue Royale Assisted Living,https://app.seniorplace.com/communities/show/c0b54ae0-205c-4c69-9aa4-f2ba26e470af
7126,Blue Royale Assisted Living,https://app.seniorplace.com/communities/show/c119c153-6ea6-481e-a57e-ad8366f12076
12448,Bonaventure Of Colorado Springs,https://app.seniorplace.com/communities/show/86c16cd1-db02-428e-bdc2-39852e908fcb
12446,Bonaventure Of Colorado Springs,https://app.seniorplace.com/communities/show/5c58c638-f4ad-46a9-b87d-20666e4e87a4
12454,Bonney Home,https://app.seniorplace.com/communities/show/296776c7-6b8f-4623-935a-ba0ec158fa95
12456,Bonney Home,https://app.seniorplace.com/communities/show/2a46ff33-fbc5-451b-b20e-05c8f981ad7a
7135,Bridgewater Assisted Living,https://app.seniorplace.com/communities/show/5bba8892-3a6f-4135-8bf7-e64d6846f364
7136,Bridgewater Assisted Living,https://app.seniorplace.com/communities/show/9ce5d2b7-697a-45cd-979c-1f81349645c3
10356,Bridgewater Assisted Living,https://www.seniorly.com/assisted-living/arizona/avondale/bridgewater-avondale-operations
12565,Brookdale Meridian Westland,https://app.seniorplace.com/communities/show/afc19604-22c9-4a03-bdf1-4366dd6b8960
12563,Brookdale Meridian Westland,https://app.seniorplace.com/communities/show/ddf9395a-39e3-4414-95d2-9c55ccf3bcb9
12578,Brookdale Santa Fe,https://app.seniorplace.com/communities/show/b00dae17-478f-4d0b-b70a-185eb6fad31f
12580,Brookdale Santa Fe,https://app.seniorplace.com/communities/show/439425ca-239c-4bb9-a534-9aae26a47f70
12587,Brookdale Tramway Ridge,https://app.seniorplace.com/communities/show/d1f74fcc-ab35-4c7a-8d35-99be506bb0ad
12589,Brookdale Tramway Ridge,https://app.seniorplace.com/communities/show/c17d3c00-9150-428b-b104-46031eb1e6dd
10608,Brookings,https://www.seniorly.com/assisted-living/arizona/prescott/brookings
7173,Brookings,https://app.seniorplace.com/communities/show/bab97e29-06b6-4f3b-9f32-740d381e8bfe
10536,Caissa Assisted Living,https://www.seniorly.com/assisted-living/arizona/gilbert/caissa-assisted-living-home-inc-460-east-phelps-street-gilbert
7181,Caissa Assisted Living,https://www.seniorly.com/assisted-living/arizona/gilbert/caissa-assisted-living-home-inc-gilbert
7182,Caissa Assisted Living,https://app.seniorplace.com/communities/show/1f34b89c-3246-4353-a07c-98a2285bbf56
10548,Caissa Assisted Living,https://www.seniorly.com/assisted-living/arizona/gilbert/caissa-assisted-living-home-inc
7183,Caissa Assisted Living,https://www.seniorly.com/assisted-living/arizona/gilbert/caissa-assisted-living-home
12643,Cappella Of Pueblo West,https://app.seniorplace.com/communities/show/ff473a33-f896-4078-a360-21617f3db71e
12642,Cappella Of Pueblo West,https://app.seniorplace.com/communities/show/42627542-be09-4d35-ad82-ebff9d08f9ec
10809,Care More Assisted Living,https://www.seniorly.com/assisted-living/arizona/phoenix/care-more-assisted-living
7203,Care More Assisted Living,https://app.seniorplace.com/communities/show/94051884-8f43-41cb-991e-124a646412e8
10824,Care With Love,https://www.seniorly.com/assisted-living/arizona/phoenix/care-with-love-inc
10823,Care With Love,https://www.seniorly.com/assisted-living/arizona/phoenix/care-with-love-phoenix
10418,Carefree Assisted Living,https://www.seniorly.com/assisted-living/arizona/scottsdale/carefree-assisted-living-home
7206,Carefree Assisted Living,https://app.seniorplace.com/communities/show/849f1522-3aae-4538-b5fe-630ae3189287
12659,Carillon At Belleview Station The,https://app.seniorplace.com/communities/show/e0f93eb0-046f-40b9-b585-24507264c992
12661,Carillon At Belleview Station The,https://app.seniorplace.com/communities/show/7f38ba48-55fd-4035-a7db-23d198625d45
7216,Caring For Generations,https://app.seniorplace.com/communities/show/4ae2ee3a-32a2-412a-aedb-4802bd5c6cbc
7215,Caring For Generations,https://app.seniorplace.com/communities/show/d52ddd45-ecbc-43ff-9678-09e91e10b259
7214,Caring For Generations Corner,https://app.seniorplace.com/communities/show/c1a07991-914e-4cd5-bd10-9760ea7fe1ea
7213,Caring For Generations Corner,https://app.seniorplace.com/communities/show/78fffda7-4851-48e6-a672-116531a3fce4
7218,Caring For Loved Ones,https://app.seniorplace.com/communities/show/80c63811-6d10-4fe7-9807-d0e571eb5d89
7219,Caring For Loved Ones,https://app.seniorplace.com/communities/show/9ca9e660-7c87-4d22-bead-6bc5411dbce6
7217,Caring For Loved Ones,https://app.seniorplace.com/communities/show/43186646-b134-497f-ae23-70ce6238c82f
7222,Caring Hearts Assisted Living,https://app.seniorplace.com/communities/show/1d7b9549-af3a-43c2-874c-97aaf872e8ba
7223,Caring Hearts Assisted Living,https://app.seniorplace.com/communities/show/0faf7fc8-48ed-4e21-90c6-8c54cf7d7173
7237,Casa De Vida Living,https://www.seniorly.com/assisted-living/arizona/phoenix/casa-de-vida-living-phoenix
7236,Casa De Vida Living,https://www.seniorly.com/assisted-living/arizona/phoenix/casa-de-vida-living
12699,Casita Senior Living,https://app.seniorplace.com/communities/show/4e68b53d-5cb0-4402-b880-70faa309e554
12700,Casita Senior Living,https://app.seniorplace.com/communities/show/d194180a-90cd-4ebe-a998-2a6238a8ad66
12706,Castle Rock Assisted Living At Eveningsong,https://app.seniorplace.com/communities/show/0a64319b-b8c0-47c4-82ca-cc13eb91f8f4
12705,Castle Rock Assisted Living At Eveningsong,https://app.seniorplace.com/communities/show/4c78dcd3-5439-4fc9-8ef1-5ded9956a390
10651,Ccs Adult Care,https://www.seniorly.com/assisted-living/arizona/surprise/cc-s-adult-care-inc
7251,Ccs Adult Care,https://app.seniorplace.com/communities/show/71ea0d29-64c0-4d00-b297-c004d0bcd4ac
7259,Cerbat Guest Home,https://app.seniorplace.com/communities/show/b3aac00b-2f40-4799-9dc7-560f1b139636
10873,Cerbat Guest Home,https://www.seniorly.com/assisted-living/arizona/kingman/cerbat-guest-home
10702,Chandler Post Acute And Rehabilitation,https://www.seniorly.com/assisted-living/arizona/chandler/chandler-post-acute-and-rehabilitation
7262,Chandler Post Acute And Rehabilitation,https://app.seniorplace.com/communities/show/1d9c19ad-2e5b-4169-b77a-267611b60b1c
10654,Chaparral Winds Assisted Living,https://www.seniorly.com/assisted-living/arizona/surprise/chaparral-winds-assisted-living
7264,Chaparral Winds Assisted Living,https://app.seniorplace.com/communities/show/434f3b2c-771a-4c77-9c87-7c4c9efa927d
7266,Charles Residential Care,https://www.seniorly.com/assisted-living/arizona/goodyear/charles-residential-care
10741,Charles Residential Care,https://www.seniorly.com/assisted-living/arizona/glendale/charles-residential-care-llc
7270,Chekela Turners Place Iii,https://app.seniorplace.com/communities/show/37c60f15-de7b-45df-8171-fb0af53c8f3d
10905,Chekela Turners Place Iii,https://www.seniorly.com/assisted-living/arizona/phoenix/chekela-turners-place-iii
12747,Cherry Creek Retirement Village,https://app.seniorplace.com/communities/show/cd8cb296-1773-4249-a372-d1caab6d6fa1
12749,Cherry Creek Retirement Village,https://app.seniorplace.com/communities/show/8520b3fa-b5ca-4db3-8ab0-0bfda84382d1
7274,Christcentered Care Assisted Living,https://app.seniorplace.com/communities/show/55093c31-e11f-4c8b-907e-fbd648f9fe52
10337,Christcentered Care Assisted Living,https://www.seniorly.com/assisted-living/arizona/mesa/christ-centered-care-assisted-living
7280,Circle Of Life Alzheimer Homes,https://app.seniorplace.com/communities/show/d1858948-b85a-4db5-8797-a75460552a8e
7284,Circle Of Life Alzheimer Homes,https://app.seniorplace.com/communities/show/93772855-a73d-42fd-8f1e-b0cb0f905a06
7281,Circle Of Life Alzheimer Homes,https://app.seniorplace.com/communities/show/242e018a-ff08-411e-9c77-ef54ba3ec684
7285,Circle Of Life Alzheimer Homes,https://app.seniorplace.com/communities/show/36b1e522-cb88-4c95-a80a-fb84f21207f2
7286,Circle Of Life Alzheimer Homes,https://app.seniorplace.com/communities/show/76477d5d-b9f3-451f-8e90-5c647912acd3
7283,Circle Of Life Alzheimer Homes,https://app.seniorplace.com/communities/show/f1133036-ea76-4e21-9d00-fa69fcd7be33
7282,Circle Of Life Alzheimer Homes,https://app.seniorplace.com/communities/show/9aa02bdb-c37e-4290-bc11-7a6a1e1e8b83
7292,Claremont Assisted Living,https://app.seniorplace.com/communities/show/5d2d202a-abeb-4008-9f43-74503ab44fbe
10880,Claremont Assisted Living,https://www.seniorly.com/assisted-living/arizona/lake-havasu/claremont-assisted-living
10442,Clearwater Agritopia,https://www.seniorly.com/assisted-living/arizona/gilbert/livgenerations-agritopia
7298,Clearwater Agritopia,https://app.seniorplace.com/communities/show/21d45472-7144-4a48-9c59-3f78fa123ae3
10438,Clearwater Ahwatukee,https://www.seniorly.com/assisted-living/arizona/phoeniz/clearwater-ahwatukee
7299,Clearwater Ahwatukee,https://app.seniorplace.com/communities/show/27fa13c6-d52e-441d-ab0b-63233975ad48
10411,Clearwater Pinnacle Peak,https://www.seniorly.com/assisted-living/arizona/scottsdale/clearwater-pinnacle-peak
7301,Clearwater Pinnacle Peak,https://app.seniorplace.com/communities/show/74af2b4b-25f5-4d73-803f-0bc10cade820
10563,Comfort Haven Of Mesa,https://www.seniorly.com/assisted-living/arizona/mesa/comfort-haven-of-mesa
7312,Comfort Haven Of Mesa,https://app.seniorplace.com/communities/show/19fee883-4292-4be4-ac5b-9311a2a95ed5
12796,Community Nursing Services,https://app.seniorplace.com/communities/show/45a58df2-c707-4524-9af8-231593401b96
12798,Community Nursing Services,https://app.seniorplace.com/communities/show/4830acdc-8fb5-4437-8bf9-a317d009e00d
10818,Constant Care Assisted Living,https://www.seniorly.com/assisted-living/arizona/phoenix/constant-care-assisted-living
7323,Constant Care Assisted Living,https://app.seniorplace.com/communities/show/1b01c555-0c5b-4507-b81c-78db0de154e6
7355,Crismon Peaks Assisted Living,https://www.seniorly.com/assisted-living/arizona/mesa/crismon-peaks-assisted-living-llc
7354,Crismon Peaks Assisted Living,https://app.seniorplace.com/communities/show/fe22bf3e-f20d-4c50-b37c-7bb350cf0508
7359,Crossroads Assisted Living,https://app.seniorplace.com/communities/show/8fafe915-c4ea-404d-80a9-992de105b14b
7360,Crossroads Assisted Living,https://app.seniorplace.com/communities/show/3908cde7-46e5-44f7-97b6-c4a4521b4cee
7358,Crossroads Assisted Living,https://app.seniorplace.com/communities/show/178775e2-6a73-48be-877c-4baaffe79040
7361,Crystal Cove Home Care Ii,https://app.seniorplace.com/communities/show/8c1c69c3-786e-4536-8643-f62a325e2116
10347,Crystal Cove Home Care Ii,https://www.seniorly.com/assisted-living/arizona/higley/crystal-cove-home-care-ii
7376,Daninas Care Home,https://app.seniorplace.com/communities/show/44506e67-2db2-41f3-abe0-f12651e87801
10281,Daninas Care Home,https://www.seniorly.com/assisted-living/arizona/phoenix/danina-s-care-home-l-l-c
7378,Dayflower Care Home,https://app.seniorplace.com/communities/show/7dc46ce5-bb09-4b3e-8037-0026b47d1344
10589,Dayflower Care Home,https://www.seniorly.com/assisted-living/arizona/queen-creek/dayflower-care-home
7393,Desert Cove Assisted Living,https://www.seniorly.com/assisted-living/arizona/scottsdale/desert-cove-assisted-living
7394,Desert Cove Assisted Living,https://app.seniorplace.com/communities/show/e260e697-79f9-435e-b9b1-0aff88b8aa0c
7399,Desert Gardens Assisted Living,https://app.seniorplace.com/communities/show/d25fa7c0-904d-441e-942e-65bba257f94e
7400,Desert Gardens Assisted Living,https://app.seniorplace.com/communities/show/d4a12983-59ae-4c49-9433-491772222db0
7408,Desert Jewel At Orange Tree,https://app.seniorplace.com/communities/show/c6e3855b-c054-458e-be0c-92d25ff66501
7409,Desert Jewel At Orange Tree,https://www.seniorly.com/assisted-living/arizona/scottsdale/desert-jewel-at-orange-tree
7417,Desert Palace Assisted Living,https://app.seniorplace.com/communities/show/faef0a7f-58c5-45e7-a6ae-9fdad2144125
10481,Desert Palace Assisted Living,https://www.seniorly.com/assisted-living/arizona/chandler/desert-palace-assisted-living
12935,Divine Care Homes,https://app.seniorplace.com/communities/show/ccabd98d-fbc0-423e-9163-9631edf8b96a
12937,Divine Care Homes,https://app.seniorplace.com/communities/show/e802d862-183e-4b3e-b92e-8df0ce977cc2
10334,Doctors Choice Assisted Living,https://www.seniorly.com/assisted-living/arizona/mesa/doctor-s-choice-assisted-living
7477,Doctors Choice Assisted Living,https://app.seniorplace.com/communities/show/53a3d16d-00e6-4de2-b1bf-1d0a8c29f0e1
10332,Eden Adult Care Facility,https://www.seniorly.com/assisted-living/arizona/mesa/eden-adult-care-facility-inc
10341,Eden Adult Care Facility,https://www.seniorly.com/assisted-living/arizona/mesa/eden-adult-care-facility-inc-1625-north-72nd-street-mesa
7513,Elite Assisted Living,https://app.seniorplace.com/communities/show/e2ac4ba4-4c44-4339-86bb-88774f4d37c4
7519,Elite Assisted Living,https://app.seniorplace.com/communities/show/8284f2fc-71f9-4a27-9d1c-e6230c833db8
7573,Encore On First,https://app.seniorplace.com/communities/show/47f45a6f-bcf8-4673-9364-a21647fbf516
7572,Encore On First,https://app.seniorplace.com/communities/show/37465770-beca-4a4a-b8b1-324eda22baa7
7577,Essential Patient Care,https://app.seniorplace.com/communities/show/523f7fc2-9bbe-433f-8cbd-5b2557ca2f45
7579,Essential Patient Care,https://app.seniorplace.com/communities/show/4c207d4a-2fb9-487e-b06b-2100a307be03
11047,Evergreen Assisted Living,https://www.seniorly.com/assisted-living/arizona/scottsdale/evergreen-assisted-living
7605,Evergreen Assisted Living,https://app.seniorplace.com/communities/show/24bb2376-57dd-47f2-8b28-7e7466fa2852
7639,Faith Assisted Living,https://app.seniorplace.com/communities/show/663fd6e0-6374-428f-874c-2e2a70dd21c3
13060,Faith Assisted Living,https://app.seniorplace.com/communities/show/1fa54ea2-cf4a-4d1a-862e-7ede55fcb091
7645,Famiglia Amore,https://app.seniorplace.com/communities/show/c0b9545d-b5c9-4d79-bc4f-112179df76b3
11178,Famiglia Amore,https://www.seniorly.com/assisted-living/arizona/tucson/famiglia-amore-llc
7647,Family Care Assisted Living,https://www.seniorly.com/assisted-living/arizona/glendale/family-care-assisted-living-home
13061,Family Care Assisted Living,https://app.seniorplace.com/communities/show/4aec34c4-6278-4b04-8357-74f73e80a8fd
7668,Faubush Family Homes,https://app.seniorplace.com/communities/show/5ecf7fa0-2316-4840-a032-8b488981462d
7672,Faubush Family Homes,https://app.seniorplace.com/communities/show/38dc69c8-a6c0-40b6-b046-0ea5e92d04b7
7670,Faubush Family Homes,https://app.seniorplace.com/communities/show/28847780-a0d6-4f85-9d2b-a37696f808e7
10849,Faubush Family Homes,https://www.seniorly.com/assisted-living/arizona/globe/faubush-family-homes
10436,Fellowship Square Historic Mesa,https://www.seniorly.com/assisted-living/arizona/mesa/fellowship-square-historic-mesa
7680,Fellowship Square Historic Mesa,https://app.seniorplace.com/communities/show/b2318b64-dff4-494d-9ee2-ffd2220f26e1
13073,Fellowship Square Tucson,https://app.seniorplace.com/communities/show/a7d4456b-8b07-456a-b690-93102f81f6b6
11129,Fellowship Square Tucson,https://www.seniorly.com/assisted-living/arizona/tucson/fellowship-square
7686,Fidelity Care Corner,https://app.seniorplace.com/communities/show/c3912a8f-09d0-48ac-994e-8ebaa4b81c39
10968,Fidelity Care Corner,https://www.seniorly.com/assisted-living/arizona/tucson/fidelity-care-corner-inc
10816,Fisher Family Home,https://www.seniorly.com/assisted-living/arizona/phoenix/fisher-family-home
7700,Fisher Family Home,https://app.seniorplace.com/communities/show/19ba9f83-1d9c-4ab2-ae45-dca8ed10b1ff
7736,Fountain View Village,https://app.seniorplace.com/communities/show/7491fa4f-8f2f-4987-ab2d-ded6b62b0a5c
10670,Fountain View Village,https://www.seniorly.com/assisted-living/arizona/fountain-hills/fountain-view-village
7738,Fountainview Assisted Living,https://app.seniorplace.com/communities/show/3534f469-73b5-4aca-923a-588dc5f38342
10676,Fountainview Assisted Living,https://www.seniorly.com/assisted-living/arizona/fountain-hills/fountainview-assisted-living-home
10763,G I Adult Care Home,https://www.seniorly.com/assisted-living/arizona/glendale/g-i-adult-care-home
7759,G I Adult Care Home,https://app.seniorplace.com/communities/show/0480e1d7-f49f-49b7-b375-b8cedd80abe8
10888,Gems Assisted Living,https://www.seniorly.com/assisted-living/arizona/lake-havasu-city/gems-assisted-living
7784,Gems Assisted Living,https://app.seniorplace.com/communities/show/68afde92-b7c7-4dd7-9eeb-11ed715fafbb
7786,Gems Assisted Living,https://app.seniorplace.com/communities/show/3e262d82-76aa-49ed-b8d0-7b2798c1c940
7780,Gems Assisted Living 4,https://app.seniorplace.com/communities/show/62190e3e-33c1-439b-9001-1ab10ea22325
10890,Gems Assisted Living 4,https://www.seniorly.com/assisted-living/arizona/lake-havasu-city/gems-assisted-living-4
13220,Golden Gate Manor,https://app.seniorplace.com/communities/show/7be3d241-52e3-4acc-b673-26d1faa2a55b
13218,Golden Gate Manor,https://app.seniorplace.com/communities/show/f40f0496-cf74-4f6b-9bb9-3ea017664794
13255,Good Life Senior Living And Memory Care,https://app.seniorplace.com/communities/show/09c6d910-5900-4973-a42f-55c6c35e12de
13252,Good Life Senior Living And Memory Care,https://app.seniorplace.com/communities/show/53e90172-b85f-4678-8a89-f248b73718c6
13250,Good Life Senior Living And Memory Care,https://app.seniorplace.com/communities/show/85b590a4-8b13-4b41-9904-0d87aa947a90
13248,Good Life Senior Living And Memory Care,https://app.seniorplace.com/communities/show/ebf524de-6982-4c40-b726-c0421ea4c513
13254,Good Life Senior Living And Memory Care,https://app.seniorplace.com/communities/show/a4a0bdfa-5cb3-40c0-bda6-2df10c184774
13277,Grace Assisted Living,https://app.seniorplace.com/communities/show/6955db26-67c3-41c2-87b7-57a12362269a
13282,Grace Assisted Living,https://app.seniorplace.com/communities/show/6afc2e71-c482-4592-a3e8-29b7b0831c49
7890,Grace Assisted Living,https://app.seniorplace.com/communities/show/949913d0-0082-48c4-8119-63cd1d5dc7ce
7894,Grace Assisted Living,https://app.seniorplace.com/communities/show/aa715d8c-e818-49d3-bc81-7dac22c3a14f
7926,Granite Gate Senior Living,https://app.seniorplace.com/communities/show/98bac21b-dc2a-4226-89bf-874f7da40487
11102,Granite Gate Senior Living,https://www.seniorly.com/assisted-living/arizona/prescott/granite-gate-senior-living
13312,Greenwood Manor,https://app.seniorplace.com/communities/show/662c7722-87bd-45dd-adb9-9483e25224ae
13314,Greenwood Manor,https://app.seniorplace.com/communities/show/5bb637bb-8cb4-4657-bec4-9ddafac23cf6
7956,Hacienda De Luna Assisted Living,https://app.seniorplace.com/communities/show/494945ce-0c34-46ec-8a13-7082a4d70fb0
7958,Hacienda De Luna Assisted Living,https://app.seniorplace.com/communities/show/fbd8c6b3-a5a3-4167-a775-61176b55122b
7954,Hacienda De Luna Assisted Living,https://app.seniorplace.com/communities/show/4154e265-bcd4-431a-8e5f-fb05a22e8f05
10354,Hacienda Del Rey,https://www.seniorly.com/assisted-living/arizona/litchfield-park/hacienda-del-rey
7960,Hacienda Del Rey,https://app.seniorplace.com/communities/show/87592fb1-dac5-416e-8135-e8fc885dce0d
7965,Halynas Care,https://www.seniorly.com/assisted-living/arizona/phoenix/halyna-s-care
7967,Halynas Care,https://app.seniorplace.com/communities/show/eda5737c-b7fb-4f08-aaec-9b98e3892626
10602,Harmony Adult Living Solution,https://www.seniorly.com/assisted-living/arizona/san-tan-valley/harmony-adult-living-solution
7987,Harmony Adult Living Solution,https://app.seniorplace.com/communities/show/3ec7c630-3dec-4231-8d3a-1ac0a3ef9889
13325,Harmony Care Assisted Living,https://app.seniorplace.com/communities/show/c3fadab7-8958-4f06-be34-939e431cfdb1
7989,Harmony Care Assisted Living,https://app.seniorplace.com/communities/show/5738ae65-c0a1-4665-bdd0-bfbfc9722afd
7999,Harvest At Queen Creek,https://app.seniorplace.com/communities/show/2f19f219-84d5-4a6e-87c3-aeecc50a33ef
8000,Harvest At Queen Creek,https://app.seniorplace.com/communities/show/f188ab52-d62a-4b24-9d70-51f52a9cea7d
8015,Haven Springs At North Phoenix,https://app.seniorplace.com/communities/show/064f1a1c-9800-4857-bd01-54d2ad7ca270
8016,Haven Springs At North Phoenix,https://app.seniorplace.com/communities/show/27dac9cc-b86b-45b8-818a-141f310c55e1
8026,Hazelwood Manor Assisted Living,https://app.seniorplace.com/communities/show/92beb47c-88b7-481e-99ee-f60f8577dcf2
11017,Hazelwood Manor Assisted Living,https://www.seniorly.com/assisted-living/arizona/scottsdale/hazelwood-manor-assisted-living
11065,Healing Gardens Assisted Living Care Home,https://www.seniorly.com/assisted-living/arizona/phoenix/healing-gardens-assisted-living-care-home-llc
10571,Healing Gardens Assisted Living Care Home,https://www.seniorly.com/assisted-living/arizona/tempe/healing-gardens-assisted-living-care-home
13368,Healthcare Resort Of Colorado Springs The,https://app.seniorplace.com/communities/show/9464a4e4-f289-4702-8bb6-e1a6855de4fc
13370,Healthcare Resort Of Colorado Springs The,https://app.seniorplace.com/communities/show/588cdfb7-54e7-4a1b-93cc-8d8834e5e95f
8036,Heaven Can Wait,https://app.seniorplace.com/communities/show/8c3ea156-98da-41ed-b5a1-e14bb9c12152
10897,Heaven Can Wait,https://www.seniorly.com/assisted-living/arizona/laveen/heaven-can-wait
13399,Heritage Home,https://app.seniorplace.com/communities/show/e021444b-a0ad-4ddb-b498-3477ef7e85a1
13397,Heritage Home,https://app.seniorplace.com/communities/show/3e0dd2b5-ac58-4f20-a042-49b2f08bc6b6
8073,Heritage Village Assisted Living,https://app.seniorplace.com/communities/show/67bf5711-23ff-451a-b6d0-3b5607c437bf
10312,Heritage Village Assisted Living,https://www.seniorly.com/assisted-living/arizona/mesa/heritage-village-6-llc
11117,Hidden Oasis,https://www.seniorly.com/assisted-living/arizona/prescott-valley/hidden-oasis-llc
11116,Hidden Oasis,https://www.seniorly.com/assisted-living/arizona/prescott-valley/hidden-oasis
13414,Hidden Valley Assisted Living,https://app.seniorplace.com/communities/show/9ac66aae-84be-4b59-b570-14c9f9a3dc89
8078,Hidden Valley Assisted Living,https://app.seniorplace.com/communities/show/30cf17be-fafd-4c89-9659-09ce8dd3c911
8096,Higley House Care Home,https://www.seniorly.com/assisted-living/arizona/gilbert/higley-house-care-home-llc
8094,Higley House Care Home,https://app.seniorplace.com/communities/show/e6cfdd21-5039-495d-88fe-777c67571861
13467,Holladay Home For The Elderly,https://app.seniorplace.com/communities/show/8193542e-500e-475a-b7ca-b5d377b3fb41
13465,Holladay Home For The Elderly,https://app.seniorplace.com/communities/show/f185d14a-66e7-4582-be23-c63353c8db4f
8128,Home Sweet Home,https://app.seniorplace.com/communities/show/0b5035e8-f043-4851-9d72-b9bac9f17d0d
10345,Home Sweet Home,https://www.seniorly.com/assisted-living/arizona/mesa/home-sweet-home-mesa
8135,Hope Assisted Living,https://app.seniorplace.com/communities/show/fb5203ca-90bc-44f9-b653-f0aceca44793
10715,Hope Assisted Living,https://www.seniorly.com/assisted-living/arizona/glendale/hope-assisted-living-home-llc
8136,Hope Care Assisted Living,https://app.seniorplace.com/communities/show/093259cb-3411-428d-8c25-9d0bb3466b7c
8138,Hope Care Assisted Living,https://app.seniorplace.com/communities/show/5317f84a-251a-4425-87e7-da725078f682
8142,Hope Haven Assisted Living,https://app.seniorplace.com/communities/show/4dfd92d1-51a8-4ae2-a69d-2bcd096afa3b
10874,Hope Haven Assisted Living,https://www.seniorly.com/assisted-living/arizona/kingman/hope-haven-assisted-living-home
8152,House Of Butterfly Assisted Living,https://app.seniorplace.com/communities/show/011f81b7-41ef-4f83-95d7-3d0e70270902
8154,House Of Butterfly Assisted Living,https://app.seniorplace.com/communities/show/27f0ab2f-ad7b-445e-a18b-68c7ee2c4c4d
8156,House Of Butterfly Assisted Living,https://app.seniorplace.com/communities/show/0c42d9f8-b181-43f0-a4e2-524b7c6f4ccf
8162,House Of Prayer,https://app.seniorplace.com/communities/show/caa547aa-517b-4c28-a18e-63550a4fc4d9
11160,House Of Prayer,https://www.seniorly.com/assisted-living/arizona/tucson/house-of-prayer-inc
8167,Houston Creek Assisted Living,https://app.seniorplace.com/communities/show/40983b08-c589-498b-805f-2c55370984ff
11098,Houston Creek Assisted Living,https://www.seniorly.com/assisted-living/arizona/payson/houston-creek-assisted-living-llc
8172,Hummingbird Assisted Living,https://app.seniorplace.com/communities/show/406f5973-fdf5-408a-b5c4-4f672cb9de2b
11172,Hummingbird Assisted Living,https://www.seniorly.com/assisted-living/arizona/tucson/hummingbird-assisted-living-home
8190,Immaculate Heart Of Mary Assisted Living,https://app.seniorplace.com/communities/show/53e6f808-d131-4aa6-8df5-8fc059ebc2e1
8192,Immaculate Heart Of Mary Assisted Living,https://app.seniorplace.com/communities/show/1837fbff-8897-403b-9b9b-fd31c3a6ce0a
8194,Immaculate Heart Of Mary Assisted Living,https://app.seniorplace.com/communities/show/a4510c65-144e-4544-893c-3aeed512ab5c
8198,Immanuel Campus Of Care,https://app.seniorplace.com/communities/show/8af2b730-ca42-4365-bfdc-42bca17cca60
8196,Immanuel Campus Of Care,https://app.seniorplace.com/communities/show/951ba43a-27f7-4019-8e08-3ad7214994ea
10400,In Angel Arms,https://www.seniorly.com/assisted-living/arizona/buckeye/in-angel-arms-llc
8205,In Angel Arms,https://app.seniorplace.com/communities/show/9bf7f600-dd1b-466c-a2f5-14eb97c87812
8229,Inspirations Of Tempe,https://app.seniorplace.com/communities/show/ee729ee8-c473-4640-b68e-4b9a98531c86
10434,Inspirations Of Tempe,https://www.seniorly.com/assisted-living/arizona/tempe/inspirations-of-tempe
8269,Jolley Family Assisted Living,https://www.seniorly.com/assisted-living/arizona/buckeye/jolley-family-assisted-living-llc
8268,Jolley Family Assisted Living,https://app.seniorplace.com/communities/show/1a42cb60-860a-4334-9967-3613a41d9757
8277,Joy Care Assisted Living,https://app.seniorplace.com/communities/show/bcdc40a3-670e-4d8f-a4b8-6074f39a0668
8279,Joy Care Assisted Living,https://app.seniorplace.com/communities/show/2fb23bde-8643-4a71-9a8d-619a09ddba9a
8289,Jr Caring Hearts,https://app.seniorplace.com/communities/show/44734d32-6a11-4737-9ab3-e9a076d98916
11127,Jr Caring Hearts,https://www.seniorly.com/assisted-living/arizona/sierra-vista/jr-caring-hearts
8316,Kindred Homes Yuma,https://www.seniorly.com/assisted-living/arizona/yuma/kindred-homes-yuma-llc
8317,Kindred Homes Yuma,https://app.seniorplace.com/communities/show/d2975125-75f9-4ee3-8f34-00b2bbd4708d
13586,Kingston Residence Of Santa Fe,https://app.seniorplace.com/communities/show/c8dcbf84-83b1-4ef5-bf03-4efa06f66b66
13584,Kingston Residence Of Santa Fe,https://app.seniorplace.com/communities/show/48142078-f30f-4d19-8d36-32b98d22a4d1
8322,Kiran Manor,https://app.seniorplace.com/communities/show/3e050fd8-0ba9-4499-80ea-63260008d5b1
10494,Kiran Manor,https://www.seniorly.com/assisted-living/arizona/chandler/kiran-manor
8329,Kleins Home Care,https://app.seniorplace.com/communities/show/6f70ce45-6fb9-45e4-a2cb-68cc8549ec20
8327,Kleins Home Care,https://app.seniorplace.com/communities/show/70a1714a-e21c-403e-8405-4f7f917f5255
8356,La Sonora At Dove Mountain,https://app.seniorplace.com/communities/show/14fe4d80-91b6-4a82-9ecb-4439a721be09
10907,La Sonora At Dove Mountain,https://www.seniorly.com/assisted-living/arizona/marana/la-sonora-at-dove-mountain
8368,Lakeview Assisted Living,https://www.seniorly.com/assisted-living/arizona/glendale/lakeview-assisted-living
8370,Lakeview Assisted Living,https://www.seniorly.com/assisted-living/arizona/mesa/lakeview-assisted-living-home-llc
8395,Laurel I Al,https://app.seniorplace.com/communities/show/d169dd6c-d59b-430d-9902-9a66ed790fda
8397,Laurel I Al,https://app.seniorplace.com/communities/show/e25f65fb-9bf8-4cfd-81e8-bdd53d1e6dcd
8409,Legacy Assisted Living,https://app.seniorplace.com/communities/show/26ae2419-321d-48b0-9abf-e62de9ce79a5
8411,Legacy Assisted Living,https://app.seniorplace.com/communities/show/f99a8493-ae53-44a3-948e-4edf6f92554f
10353,Legacy House Of Avondale,https://www.seniorly.com/assisted-living/arizona/avondale/legacy-house-avondale
8419,Legacy House Of Avondale,https://app.seniorplace.com/communities/show/ad37ad02-eb52-4687-9746-36f009dfe940
13659,Legacy Village Of Provo,https://app.seniorplace.com/communities/show/2e2d11b4-0cd2-477c-86a3-fdffcb2a0ac6
13657,Legacy Village Of Provo,https://app.seniorplace.com/communities/show/bca372f0-7c9a-4e04-856f-981699c01f38
8433,Legends Senior Living,https://app.seniorplace.com/communities/show/4321edc1-c05d-4e4d-82b7-013c83fca3b2
8435,Legends Senior Living,https://app.seniorplace.com/communities/show/8d6907c3-883a-43fb-9f57-883c1db620e0
8437,Legends Senior Living,https://app.seniorplace.com/communities/show/abab3747-d2b4-4fcd-af6a-f0d45c06c8db
8476,Lifestream At Youngtown,https://app.seniorplace.com/communities/show/49aa689d-452f-4c3f-bf64-2c569a0803c4
8477,Lifestream At Youngtown,https://www.seniorly.com/assisted-living/arizona/youngtown/lifestream-at-youngtown
10379,Litchfield Terrace Assisted Living,https://www.seniorly.com/assisted-living/arizona/litchfield-park/litchfield-terrace-assisted-living-home
8492,Litchfield Terrace Assisted Living,https://app.seniorplace.com/communities/show/ea0fafab-aad9-4e1c-bb08-e20e5e4b65b7
8512,Los Alamos Assisted Living,https://app.seniorplace.com/communities/show/7d42d838-84f8-40db-a739-61dce8c056b8
13726,Los Alamos Assisted Living,https://app.seniorplace.com/communities/show/691e057d-4069-4dde-bff4-4574ea34b98c
13749,Mackenzie Place Colorado Springs,https://app.seniorplace.com/communities/show/c76b9e7b-c54d-41bc-907e-ac8c31c597a4
13751,Mackenzie Place Colorado Springs,https://app.seniorplace.com/communities/show/fe61b127-63b5-452e-90de-9d0663d2bc2b
10465,Magic Touch Adult Care,https://www.seniorly.com/assisted-living/arizona/chandler/magic-touch-adult-care
8569,Magic Touch Adult Care,https://app.seniorplace.com/communities/show/6a1a3c95-2586-42f2-9f5e-1068e8cfe76d
10995,Maravilla Scottsdale,https://www.seniorly.com/assisted-living/arizona/scottsdale/maravilla-scottsdale
8590,Maravilla Scottsdale,https://app.seniorplace.com/communities/show/d031b362-3994-468e-8095-31fedef2df56
8635,Mary Grace Care Home,https://app.seniorplace.com/communities/show/2cd9e2a2-1d6b-4a50-9229-d8802ebf87ec
8634,Mary Grace Care Home,https://www.seniorly.com/assisted-living/arizona/mesa/mary-grace-care-home
8632,Mary Petes Assisted Living,https://www.seniorly.com/assisted-living/arizona/tucson/mary-pete-s-assisted-living
8630,Mary Petes Assisted Living,https://app.seniorplace.com/communities/show/cc140db1-452b-420d-9540-fe4560263637
8662,Mayfair Eden Homes,https://app.seniorplace.com/communities/show/fd6c2265-0d97-4d8e-a834-51f58f41a023
8660,Mayfair Eden Homes,https://app.seniorplace.com/communities/show/20d3bac4-ae3e-436e-8738-7fa193c831c1
8664,Mayfair Eden Homes,https://app.seniorplace.com/communities/show/03262afa-bace-410a-a6f0-441dc31242e8
8686,Mercys Care Home I,https://app.seniorplace.com/communities/show/1926d343-1a4b-4ca3-8482-43d70c9f17a5
10512,Mercys Care Home I,https://www.seniorly.com/assisted-living/arizona/chandler/mercy-s-care-home-i
8701,Metropolitan Assisted Living,https://app.seniorplace.com/communities/show/049811ac-4ef5-43d6-b37f-a58068d25d58
8703,Metropolitan Assisted Living,https://app.seniorplace.com/communities/show/c9904461-be0a-4c7f-b561-d80639bfc5fd
13830,Millbrook Homes,https://app.seniorplace.com/communities/show/35985fa5-3a24-45be-aba2-22952ec17ed5
13828,Millbrook Homes,https://app.seniorplace.com/communities/show/4bab050e-e2a2-4193-860a-382b327b6db2
10613,Mingus Terrace Assisted Living,https://www.seniorly.com/assisted-living/arizona/cottonwood/mingus-terrace-assisted-living-home
8707,Mingus Terrace Assisted Living,https://app.seniorplace.com/communities/show/91209b4a-0a5c-4a30-a72d-fb4295edd259
8713,Miramonte Alh,https://app.seniorplace.com/communities/show/111ce1e6-006b-4904-a407-6032fc56ab49
8715,Miramonte Alh,https://www.seniorly.com/assisted-living/arizona/glendale/miramonte-alh
8721,Mom And Dad Place,https://www.seniorly.com/assisted-living/arizona/tucson/mom-and-dad-place-llc-tucson
8723,Mom And Dad Place,https://app.seniorplace.com/communities/show/7c96bf6e-63a8-429f-a2e1-54e1afa572c6
10541,Monte Manor Assisted Living,https://www.seniorly.com/assisted-living/arizona/mesa/monte-manor-assisted-living
8733,Monte Manor Assisted Living,https://app.seniorplace.com/communities/show/ced4f933-eed3-44d2-9825-a5cd9ee0acb5
8749,Morningstar At Arcadia,https://app.seniorplace.com/communities/show/1ad6edea-7e30-40d4-9687-2619748c8472
10994,Morningstar At Arcadia,https://www.seniorly.com/assisted-living/arizona/phoenix/morningstar-at-arcadia
8755,Morningstar Of Fountain Hills,https://app.seniorplace.com/communities/show/4b3cc668-9f76-457b-ae03-94094ee30eea
10668,Morningstar Of Fountain Hills,https://www.seniorly.com/assisted-living/arizona/fountain-hills/morning-star-of-fountain-hills
8767,Mountain Care Of Snowflake,https://app.seniorplace.com/communities/show/904507d6-2c8a-49d1-a858-f880d40592e8
8769,Mountain Care Of Snowflake,https://app.seniorplace.com/communities/show/654f4dac-61c5-4d04-9226-24ebdadff364
10688,Mountain View Assisted Living,https://www.seniorly.com/assisted-living/arizona/scottsdale/mountain-view-assisted-living-scottsdale
13916,Mountain View Assisted Living,https://app.seniorplace.com/communities/show/b2bbc030-dc96-4a7d-957b-8f89fee83e76
8780,Mountain View Carehome,https://app.seniorplace.com/communities/show/37c07cf1-f1ed-4414-9d1a-52178fbe3537
8781,Mountain View Carehome,https://www.seniorly.com/assisted-living/arizona/mesa/golden-years-care-home-llc-mesa
13922,Mountain View Manor,https://app.seniorplace.com/communities/show/be299dcc-9c4f-4259-884f-4ebeccec6f1b
11113,Mountain View Manor,https://www.seniorly.com/assisted-living/arizona/prescott/mountain-view-manor
13939,Neurorestorative,https://app.seniorplace.com/communities/show/434e4dda-86e2-4ee1-ab79-ca7558f0e301
13937,Neurorestorative,https://app.seniorplace.com/communities/show/664db94e-5fed-4f46-bea8-e36448c556ad
10544,New Beginnings,https://www.seniorly.com/assisted-living/arizona/gilbert/new-beginnings-gilbert
13941,New Beginnings,https://app.seniorplace.com/communities/show/c46e8dc2-a900-4e85-9100-932c17e17672
8812,New Reflections Adult Care Home,https://app.seniorplace.com/communities/show/1b6a5acd-0698-41dc-a137-f754883bb6f5
10719,New Reflections Adult Care Home,https://www.seniorly.com/assisted-living/arizona/glendale/new-reflections-adult-care-home
10966,Normandel Place,https://www.seniorly.com/assisted-living/arizona/tucson/normandel-place-llc
8822,Normandel Place,https://app.seniorplace.com/communities/show/ddf94083-ab1b-4628-b655-ae0233aa7374
13965,Northglenn Heights Assisted Living Community,https://app.seniorplace.com/communities/show/53b436e6-b99a-4393-9cd7-f51ee2fc7d9f
13964,Northglenn Heights Assisted Living Community,https://app.seniorplace.com/communities/show/82115bf8-1796-46a8-a1f4-743fbfe09bca
8869,Oak Haven Assisted Living,https://app.seniorplace.com/communities/show/876db77e-2a0c-4118-b9a8-83d13373d3bf
8867,Oak Haven Assisted Living,https://app.seniorplace.com/communities/show/8cb7cb50-0646-4c80-b4c6-4439fd455060
11011,Oakbrook Assisted Living,https://www.seniorly.com/assisted-living/arizona/scottsdale/oakbrook-assisted-living
8871,Oakbrook Assisted Living,https://app.seniorplace.com/communities/show/cacfa1a3-a721-4198-a35f-3cc461a8ca1d
8907,Orange Grove Senior Care,https://app.seniorplace.com/communities/show/e04b11b2-5f36-424b-97b2-404feecf775b
8905,Orange Grove Senior Care,https://app.seniorplace.com/communities/show/08f91a23-8e3c-487a-a469-32fb72a1d5ad
11099,Ordinary Lifestyles,https://www.seniorly.com/assisted-living/arizona/payson/ordinary-lifestyles
8919,Ordinary Lifestyles,https://app.seniorplace.com/communities/show/c5daf141-c42a-4c32-8c68-526bf880bf32
8925,Ordinary Lifestyles Iv,https://app.seniorplace.com/communities/show/f4bf69e3-ad8f-462f-b79f-786c56860f30
8923,Ordinary Lifestyles Iv,https://app.seniorplace.com/communities/show/e58f08f6-ea1c-4153-877c-a06d74eea839
8941,Page Springs Living,https://app.seniorplace.com/communities/show/572061a2-7df7-4801-b3bd-d95592554671
8942,Page Springs Living,https://www.seniorly.com/assisted-living/arizona/cornville/page-springs-living-cornville
10619,Page Springs Living,https://www.seniorly.com/assisted-living/arizona/cornville/page-springs-living
8958,Paradise Assisted Living,https://app.seniorplace.com/communities/show/d87812bb-b3b0-450a-bb63-0a06de11fdd3
8956,Paradise Assisted Living,https://app.seniorplace.com/communities/show/40a65df7-b879-4e2e-bb99-1883569eaca6
8974,Paradise Living Centers Camelback,https://app.seniorplace.com/communities/show/71341da0-7a69-40cb-9611-ca0ff4554dfa
8970,Paradise Living Centers Camelback,https://app.seniorplace.com/communities/show/7e1a81e4-d8f8-409a-8913-dce493a753f0
8972,Paradise Living Centers Camelback,https://app.seniorplace.com/communities/show/258ea158-a29e-4a9c-8751-5ea3e8807565
8998,Park Senior Villas At Goodyear,https://app.seniorplace.com/communities/show/017ab033-fc9f-4882-b900-a0eb33c1b09e
9000,Park Senior Villas At Goodyear,https://app.seniorplace.com/communities/show/ce46b839-d157-4c68-b7e0-b2df37cad9c6
9020,Park Senior Villas At La Canada Villa A,https://app.seniorplace.com/communities/show/a3600bf9-5d5a-43d1-8801-8a9fd1b0302f
9022,Park Senior Villas At La Canada Villa A,https://app.seniorplace.com/communities/show/b90c1455-7f2a-42dc-a561-0ee314822892
9024,Park Senior Villas At La Canada Villa B,https://app.seniorplace.com/communities/show/1a099df9-ddfe-4b18-b3a1-f76084852d19
9026,Park Senior Villas At La Canada Villa B,https://app.seniorplace.com/communities/show/42d35da7-566f-4e15-9e2a-ed414779f7fe
9028,Park Senior Villas At La Canada Villa C,https://app.seniorplace.com/communities/show/cc92d16c-0ad7-40ae-a52d-aad2ea035c55
9030,Park Senior Villas At La Canada Villa C,https://app.seniorplace.com/communities/show/9b73b732-3c29-4699-af2e-a6a6c9c038c5
9032,Park Senior Villas At La Canada Villa D,https://app.seniorplace.com/communities/show/18895e3e-0837-405b-8cd4-6b6bd3abf4ce
9034,Park Senior Villas At La Canada Villa D,https://app.seniorplace.com/communities/show/adcd2105-29be-4d1c-8361-aa04c8553c80
9036,Park Senior Villas At La Canada Villa F,https://app.seniorplace.com/communities/show/c0aa80b7-50b2-4fea-b819-85bb7d344324
9038,Park Senior Villas At La Canada Villa F,https://app.seniorplace.com/communities/show/78f9e9b3-e23a-4e63-a421-c602dcae5b03
9044,Park Senior Villas At La Canada Villa I,https://app.seniorplace.com/communities/show/87602c58-fefc-4154-9b31-75859cf00c2f
9046,Park Senior Villas At La Canada Villa I,https://app.seniorplace.com/communities/show/2b1daee6-d6b6-44cc-867b-eec8fb7c7300
9052,Park Senior Villas At La Canada Villa L,https://app.seniorplace.com/communities/show/3b010c70-7f85-4b2e-81ec-149185689dde
9054,Park Senior Villas At La Canada Villa L,https://app.seniorplace.com/communities/show/55a863fb-5bc4-4eda-8037-a2884c5eca23
11092,Pathways Assisted Living,https://www.seniorly.com/assisted-living/arizona/phoenix/pathways-assisted-living-phoenix
9082,Pathways Assisted Living,https://app.seniorplace.com/communities/show/a4135b47-a604-48d1-9aec-a4859696c1fc
10320,Peaceful And Comfort Assisted Living,https://www.seniorly.com/assisted-living/arizona/mesa/peaceful-and-comfort-assisted-living-home
9084,Peaceful And Comfort Assisted Living,https://app.seniorplace.com/communities/show/bfe1b9fa-23b4-4b18-ad95-81d7fcadbc03
9123,Petradi Green Diamond Group Home,https://app.seniorplace.com/communities/show/5bf28a3d-673c-43ce-9d5c-715aeced348a
9121,Petradi Green Diamond Group Home,https://app.seniorplace.com/communities/show/472ee2c7-cdd2-4a90-b917-caf3b52f8025
9178,Prestige Home,https://app.seniorplace.com/communities/show/b02c9120-c318-4fc4-8a69-2e8532299e36
9182,Prestige Home,https://app.seniorplace.com/communities/show/93fb4ad5-22a7-41ce-ab42-1859296ee8ba
9216,Queen Of Hearts,https://app.seniorplace.com/communities/show/67dea3b4-2f54-49a4-bc01-a11e47a22316
9214,Queen Of Hearts,https://app.seniorplace.com/communities/show/62abcb18-b92e-47f3-ac80-a0f4a3a98cdc
9226,Rainbow Acres,https://app.seniorplace.com/communities/show/7331686b-9e7d-4373-82a9-e3da5ca75563
10407,Rainbow Acres,https://www.seniorly.com/assisted-living/arizona/camp-verde/rainbow-acres
9250,Reflections At Fellowship Square Mesa,https://app.seniorplace.com/communities/show/97ffc74f-5145-4330-898b-45c75d878055
10322,Reflections At Fellowship Square Mesa,https://www.seniorly.com/assisted-living/arizona/mesa/reflections-at-fellowship-square-mesa
9258,Renatas Home For The Elderly,https://app.seniorplace.com/communities/show/514dccc8-8d16-4e1a-9633-7b99e5b3ebd8
9260,Renatas Home For The Elderly,https://app.seniorplace.com/communities/show/b7a5236d-7e26-41fd-972d-ba7b7beb8ccb
10593,Renatas Home For The Elderly,https://www.seniorly.com/assisted-living/arizona/queen-creek/renata-s-home-for-the-elderly
10597,Renatas Home For The Elderly 2,https://www.seniorly.com/assisted-living/arizona/queen-creek/renata-s-home-for-the-elderly-2-inc
9262,Renatas Home For The Elderly 2,https://app.seniorplace.com/communities/show/d62f3ca8-19af-4a10-bd9b-94fea45acfb3
10636,Ridges At Peoria,https://www.seniorly.com/assisted-living/arizona/peoria/ridges-at-peoria-senior-living
9280,Ridges At Peoria,https://app.seniorplace.com/communities/show/6265161f-1a89-4121-b93a-a049d215e827
9293,River Valley Estates,https://app.seniorplace.com/communities/show/b1d63c2d-8763-4d7e-8980-64ad7cb441d7
11218,River Valley Estates,https://www.seniorly.com/assisted-living/arizona/yuma/river-valley-estates
14195,Rmcc,https://app.seniorplace.com/communities/show/3aae42c3-0a18-4f00-b34d-0becee5a140a
14191,Rmcc,https://app.seniorplace.com/communities/show/543ec284-be12-4b59-b6fa-bac4f165ef97
14193,Rmcc,https://app.seniorplace.com/communities/show/17be9f2f-638f-488f-bbeb-aa96682a7d9b
14251,Rose Of Sharon,https://app.seniorplace.com/communities/show/fcf89b5f-8af5-4d52-9b88-1fbb77845cfc
14250,Rose Of Sharon,https://app.seniorplace.com/communities/show/f2c46d0a-8f56-4b77-b650-620101a3e6ae
10652,Royal Oaks Assisted Living Center,https://www.seniorly.com/assisted-living/arizona/sun-city/royal-oaks-assisted-living-center
9335,Royal Oaks Assisted Living Center,https://app.seniorplace.com/communities/show/226be915-ecbe-4853-8416-a8be700582d8
9351,Sage House 35Th,https://app.seniorplace.com/communities/show/69463c10-3dfc-404b-b32f-3ed0c45b3730
9353,Sage House 35Th,https://app.seniorplace.com/communities/show/6c898b3b-2c5c-452d-aa60-8a24102545d0
9400,Saragosa Mc Assisted Living,https://app.seniorplace.com/communities/show/4b01b4f8-70ea-48d3-8e8d-50e7e2f1afcf
9399,Saragosa Mc Assisted Living,https://app.seniorplace.com/communities/show/82372d11-5877-4e9a-a1e7-535582e0b80f
9441,Senior Paradise Living,https://app.seniorplace.com/communities/show/225226d3-b75e-424c-a56c-6dbb98477609
11026,Senior Paradise Living,https://www.seniorly.com/assisted-living/arizona/scottsdale/senior-paradise-living
10885,Serenity Assisted Living,https://www.seniorly.com/assisted-living/arizona/lake-havasu-city/serenity-assisted-living-lake-havasu-city
9463,Serenity Assisted Living,https://app.seniorplace.com/communities/show/232d57ea-5728-41e1-96aa-70152e990b32
14352,Serenity At Woodlands,https://app.seniorplace.com/communities/show/3851e760-8fa4-43a3-bf22-604a75dad219
14354,Serenity At Woodlands,https://app.seniorplace.com/communities/show/f8f7ec2f-93e8-4d55-b0d7-c936bf296d0b
9492,Shepherd Hills Senior Care,https://app.seniorplace.com/communities/show/b6fc7cbc-9eac-4aeb-9477-9d6ac2d3f0b9
9493,Shepherd Hills Senior Care,https://app.seniorplace.com/communities/show/d93f0c6c-3e69-400e-b949-5cb058cc0a1c
11158,Shepherd Hills Senior Care,https://www.seniorly.com/assisted-living/arizona/tucson/shepherd-hills-senior-care
9503,Sheridan Garden Assisted Living,https://app.seniorplace.com/communities/show/38ad531c-0a1a-4d4a-b5f2-fa2beca94093
10382,Sheridan Garden Assisted Living,https://www.seniorly.com/assisted-living/arizona/phoenix/sheridan-garden-assisted-living-home
9501,Sheridan Garden Assisted Living,https://app.seniorplace.com/communities/show/d87d1222-b8db-4179-a765-fe53a385293b
9499,Sheridan Garden Assisted Living,https://app.seniorplace.com/communities/show/942d60ed-5d01-4a33-a140-d0e5114ef785
9497,Sheridan Garden Assisted Living,https://www.seniorly.com/assisted-living/arizona/glendale/sheridan-garden-assisted-living
9536,Silver Creek Leisure Living,https://app.seniorplace.com/communities/show/6827ba04-bfbb-451a-9aab-f70ddbf79133
9534,Silver Creek Leisure Living,https://app.seniorplace.com/communities/show/46ce0cba-1790-4e19-995d-0838dee44a12
10405,Silver Creek Leisure Living,https://www.seniorly.com/assisted-living/arizona/bullhead-city/silver-creek-leisure-living
14429,Solange At Apple Tree,https://app.seniorplace.com/communities/show/e6f1e886-89dc-45ca-8dc8-46cdefa4b6ac
14431,Solange At Apple Tree,https://app.seniorplace.com/communities/show/af09a497-87fa-459a-b1ed-6b4dbbef32d4
14456,Solstice Senior Living At Sandy,https://app.seniorplace.com/communities/show/794418c5-bae7-443c-b615-af2d6b9aa7c7
14458,Solstice Senior Living At Sandy,https://app.seniorplace.com/communities/show/b20a9c1e-e249-4ac6-b83b-59f93b282103
9595,Spring Days Adult Care Home,https://app.seniorplace.com/communities/show/c85a887c-5fb1-4dbe-b106-ad63f6f667f3
10961,Spring Days Adult Care Home,https://www.seniorly.com/assisted-living/arizona/tucson/spring-days-adult-care-home-llc
14514,St Andrews Village,https://app.seniorplace.com/communities/show/fcfa9278-e32e-454f-8596-6c3198191949
14516,St Andrews Village,https://app.seniorplace.com/communities/show/aeee9d0a-d37b-445b-8973-1e933c55ef75
9627,Starfish Care Homes,https://app.seniorplace.com/communities/show/b4b35ad5-7350-48e7-9dcb-90e236d88d77
9647,Starfish Care Homes,https://app.seniorplace.com/communities/show/0b5734e3-bdc4-4450-8be2-d8a041d82d10
9661,Starfish Care Homes,https://app.seniorplace.com/communities/show/5eafaacf-51f3-44a8-85d2-bf57e375ac6b
9659,Starfish Care Homes,https://app.seniorplace.com/communities/show/dd1f34e3-ccab-403b-bfa8-9332f1527129
9625,Starfish Care Homes,https://app.seniorplace.com/communities/show/38ec3543-cef7-40f6-9b05-bc5cd240daf3
9639,Starfish Care Homes,https://app.seniorplace.com/communities/show/a94def04-87dc-490a-8e06-8a33805f28d6
9641,Starfish Care Homes,https://app.seniorplace.com/communities/show/f3a75e8a-9dcf-44dd-9b85-dfb3449c92b0
9643,Starfish Care Homes,https://app.seniorplace.com/communities/show/25f1a061-3671-42c9-86ed-b8f3a2ae6352
9645,Starfish Care Homes,https://app.seniorplace.com/communities/show/ac8210e7-07d9-4eea-a906-f8e352c97995
9657,Starfish Care Homes,https://app.seniorplace.com/communities/show/0441bf2f-f75e-4bb8-8fee-6138c8562c8b
9649,Starfish Care Homes,https://app.seniorplace.com/communities/show/c539496a-d618-44e9-89a8-e2b7322865c7
9651,Starfish Care Homes,https://app.seniorplace.com/communities/show/d4ce9ecc-9643-4799-bdbc-6b330c71d1f8
9653,Starfish Care Homes,https://app.seniorplace.com/communities/show/3b1d2041-298e-43ea-9f66-a9687a404a39
9655,Starfish Care Homes,https://app.seniorplace.com/communities/show/a5890e7c-470e-49cf-ad58-2cbb9058be30
9665,Starlight Assisted Living,https://app.seniorplace.com/communities/show/0d2280fd-a165-4e76-8b61-e04bc9cdfb5c
14537,Starlight Assisted Living,https://app.seniorplace.com/communities/show/7ad83cc8-9a43-4a91-8eda-915633882c7b
9687,Summersett Haven,https://app.seniorplace.com/communities/show/f7039c96-328d-4a17-a0c9-84706b1e0f29
10949,Summersett Haven,https://www.seniorly.com/assisted-living/arizona/tucson/summersett-haven
14578,Summit Senior Living,https://app.seniorplace.com/communities/show/fa068eb5-a3d5-4629-8c8e-4b319de5c050
9688,Summit Senior Living,https://app.seniorplace.com/communities/show/0cd610c8-4c6d-42ab-8d9d-716cf03cbf5b
14580,Summit Supportive Communities,https://app.seniorplace.com/communities/show/370a310b-89fc-46f3-899c-715565f72294
14582,Summit Supportive Communities,https://app.seniorplace.com/communities/show/a4be504c-8dbe-497c-ac53-561ea1aab3c2
10739,Sunrise Adult Care Home 2,https://www.seniorly.com/assisted-living/arizona/glendale/sunrise-adult-care-home-2-glendale
9737,Sunrise Adult Care Home 2,https://app.seniorplace.com/communities/show/9941c6a1-0fdb-4e8d-9908-99e0306384b6
9741,Sunrise Assisted Living,https://app.seniorplace.com/communities/show/b3f3e930-af3e-4cc7-82cf-77319f7ede1b
9743,Sunrise Assisted Living,https://app.seniorplace.com/communities/show/a8d45852-0a35-4dbe-b1fd-9b424e20d2c5
9751,Sunrise Care Homes Sunnyvale,https://www.seniorly.com/assisted-living/arizona/paradise-valley/sunrise-care-homes-sunnyvale
9749,Sunrise Care Homes Sunnyvale,https://app.seniorplace.com/communities/show/d0231238-0ad7-4124-853d-535a23add91b
9753,Sunrise Care Homeshayden,https://app.seniorplace.com/communities/show/7804cc1d-e92d-48ed-a291-091890dc1945
9754,Sunrise Care Homeshayden,https://app.seniorplace.com/communities/show/da9c08e2-6543-43b5-9376-7a4c5733aab7
9789,Suntown Assistance Home,https://app.seniorplace.com/communities/show/253f3274-6ac9-4fb0-9e4c-3204b8878f46
9788,Suntown Assistance Home,https://app.seniorplace.com/communities/show/6bc2ddf9-35e5-4e7b-944e-fb7218b78590
10549,Tang Assisted Living,https://www.seniorly.com/assisted-living/arizona/tempe/tang-assisted-living-llc-tempe
10794,Tang Assisted Living,https://www.seniorly.com/assisted-living/arizona/phoenix/tang-assisted-living-llc
9823,Tbi Care,https://www.seniorly.com/assisted-living/arizona/gilbert/tbi-care-inc-gilbert
9821,Tbi Care,https://app.seniorplace.com/communities/show/930f5879-d663-4a06-89df-30722cef568c
9819,Tbi Care,https://www.seniorly.com/assisted-living/arizona/phoenix/tbi-care
14646,Tcal 2,https://app.seniorplace.com/communities/show/edbb75ac-72b7-428c-95ab-e9a78912c5ab
14644,Tcal 2,https://app.seniorplace.com/communities/show/d52a1d20-d5d2-4c77-b540-5191a4674f88
14662,Tercer Cielo,https://app.seniorplace.com/communities/show/56f7dc3d-ba7d-474a-a103-140520467056
14660,Tercer Cielo,https://app.seniorplace.com/communities/show/3eb21be5-5b7e-4a86-a515-2f1f1008760e
14678,The Albuquerque Grand Senior Living,https://app.seniorplace.com/communities/show/0430516b-daff-453e-807e-4093e593535d
14676,The Albuquerque Grand Senior Living,https://app.seniorplace.com/communities/show/147f775e-6c44-4f8b-b6d4-074147369e47
10276,The Enclave At Anthem Senior Living,https://www.seniorly.com/assisted-living/arizona/phoenix/the-enclave-at-anthem-senior-living
9851,The Enclave At Anthem Senior Living,https://app.seniorplace.com/communities/show/f383af83-9669-45d5-a5de-9268f35b4edc
9861,The Forum At Desert Harbor,https://www.seniorly.com/assisted-living/arizona/peoria/the-forum-at-desert-harbor
9859,The Forum At Desert Harbor,https://app.seniorplace.com/communities/show/5223fb6a-1604-43d7-a8c5-b8ab8b7be5a5
9872,The Gardens Of Sun City,https://app.seniorplace.com/communities/show/454e6d77-332f-428b-a893-bdff1be68785
10635,The Gardens Of Sun City,https://www.seniorly.com/assisted-living/arizona/sun-city/the-gardens-of-sun-city
9874,The Gardens Of Sun City,https://app.seniorplace.com/communities/show/1ce6fdbb-3577-4ce0-aa73-204ec462e82b
14734,The Heritage Assisted Living,https://app.seniorplace.com/communities/show/213fc7b0-cda1-4402-ae0c-9e620626768b
14732,The Heritage Assisted Living,https://app.seniorplace.com/communities/show/a391f6d5-3655-4515-8827-4a0b7e23bd96
10634,The Heritage Tradition,https://www.seniorly.com/assisted-living/arizona/sun-city-west/the-heritage-tradition
9894,The Heritage Tradition,https://app.seniorplace.com/communities/show/733bf09a-4bf3-4890-a74c-2926fb94642c
10606,The Meadows Of Prescott Valley,https://www.seniorly.com/assisted-living/arizona/prescott/the-meadows-of-prescott-valley-llc
9910,The Meadows Of Prescott Valley,https://app.seniorplace.com/communities/show/02f4a23c-15d5-4702-931d-a5e1bd2eb6af
14773,The Oberon House,https://app.seniorplace.com/communities/show/106001e6-70c3-486c-85d9-4ea5d18ace0f
14771,The Oberon House,https://app.seniorplace.com/communities/show/4e4ad489-91f3-4ff8-a4f6-4331dbdb5531
9996,The Watermark At Morrison Ranch,https://app.seniorplace.com/communities/show/cb0953f4-9e82-45da-97df-75717761347e
9994,The Watermark At Morrison Ranch,https://www.seniorly.com/assisted-living/arizona/gilbert/the-watermark-at-morrison-ranch
10020,Torbrook Manor,https://app.seniorplace.com/communities/show/f79d399b-21fd-415a-a43e-85013cbee231
11000,Torbrook Manor,https://www.seniorly.com/assisted-living/arizona/paradise-valley/torbrook-manor
14882,Valeo Hospice,https://app.seniorplace.com/communities/show/23716020-6d0d-405f-b73b-881ab5a2fd27
14880,Valeo Hospice,https://app.seniorplace.com/communities/show/98597767-e814-4b89-8207-a990a1bad20d
14885,Valley Assisted Living,https://app.seniorplace.com/communities/show/282f14cf-b10f-475f-91b5-f48171c41c92
10072,Valley Assisted Living,https://app.seniorplace.com/communities/show/fb0a7e11-620d-4cc7-8347-3261173fb0e0
14891,Verena At Gilbert,https://app.seniorplace.com/communities/show/ddda1fcb-958c-4bff-971e-9745cfcd9d40
10095,Verena At Gilbert,https://app.seniorplace.com/communities/show/8f488036-7035-42fb-a7e5-49391e477c70
10171,Vista Winds,https://app.seniorplace.com/communities/show/5b0e1c8e-4666-4e82-92cc-72f125696cb0
10169,Vista Winds,https://app.seniorplace.com/communities/show/821e844c-37ff-4492-86d8-a80f5b436058
10807,West Valley Care Home,https://www.seniorly.com/assisted-living/arizona/peoria/west-valley-care-home-peoria
10196,West Valley Care Home,https://app.seniorplace.com/communities/show/a1213662-c08a-449b-9697-d3799fb55fd6
10586,Young Family Care Homes And Investments,https://www.seniorly.com/assisted-living/arizona/chandler-heights/young-family-care-homes-and-investments-llc
10257,Young Family Care Homes And Investments,https://app.seniorplace.com/communities/show/f85a5378-2c6d-418b-8b2f-17053d7cbb53
10271,Zaweah Luxury Living,https://app.seniorplace.com/communities/show/334141d8-56a6-4bab-9292-921f7a44f041
10895,Zaweah Luxury Living,https://www.seniorly.com/assisted-living/arizona/laveen/zaweah-luxury-living
