ID,Title,seniorplace_url,seniorly_url,seniorplace_types,normalized_types,Slug,Content,Permalink,Status
6742,IMG_9898,,,,,a-paradise-for-parents-senior-living-2,"A Paradise For Parent's Senior Living is a thoughtfully designed residence focused on quality living for seniors. Amenities include air conditioning, all day dining, allergy-sensitive, offering convenience and ease. Here, community and compassion go hand in hand.",https://aplaceforseniorscms.kinsta.cloud/listing/a-paradise-for-parents-senior-living-2/,publish
6768,,,,,,abracadabra-assisted-living-2,"At Abracadabra Assisted Living 2, residents find a supportive environment that puts well-being first. Amenities include all day dining, allergy-sensitive, community-sponsored activities, offering convenience and ease. Everything is centered around comfort, dignity, and personalized support.",https://aplaceforseniorscms.kinsta.cloud/listing/abracadabra-assisted-living-2/,publish
6822,,,,,,ageless-angels-alh-2,"At Ageless Angels ALH 2, residents find a supportive environment that puts well-being first. Amenities include all day dining, allergy-sensitive, community-sponsored activities, offering convenience and ease. It's a place where thoughtful care meets everyday comfort.",https://aplaceforseniorscms.kinsta.cloud/listing/ageless-angels-alh-2/,publish
6830,2fcf6e7025651132bdc1739a71d41f38,,,,,ahwatukee-manor-assisted-living-2,,https://aplaceforseniorscms.kinsta.cloud/listing/ahwatukee-manor-assisted-living-2/,publish
6849,,,,,,aloha-assisted-living-2,"Aloha Assisted Living creates a space where seniors can feel secure and cared for. Amenities include all day dining, allergy-sensitive, community-sponsored activities, offering convenience and ease. Designed to promote independence while providing just the right level of assistance.",https://aplaceforseniorscms.kinsta.cloud/listing/aloha-assisted-living-2/,publish
6864,57e97e0bc78d785757a8a759b1b8798a,,,,,amazing-comfort-homes-2,,https://aplaceforseniorscms.kinsta.cloud/listing/amazing-comfort-homes-2/,publish
6872,ambience-care-home-2-living-3,,,,,ambience-care-home-2,"Ambience Care Home 2 is a thoughtfully designed residence focused on quality living for seniors. Amenities include all day dining, allergy-sensitive, community-sponsored activities, offering convenience and ease. Everything is centered around comfort, dignity, and personalized support.",https://aplaceforseniorscms.kinsta.cloud/listing/ambience-care-home-2/,publish
6894,36dacad1b87fd6d62fc82d64b12f783e,,,,,angel-wings-assisted-living-2,,https://aplaceforseniorscms.kinsta.cloud/listing/angel-wings-assisted-living-2/,publish
6901,998648a355aaaa1bff68d701fd8c9c7e,,,,,angelas-assisted-living-ii-2,,https://aplaceforseniorscms.kinsta.cloud/listing/angelas-assisted-living-ii-2/,publish
6906,8f7843a532c9c5a4014440bbc4ea5140,,,,,angels-paradise-care-home-2,,https://aplaceforseniorscms.kinsta.cloud/listing/angels-paradise-care-home-2/,publish
6912,393141af1c8a8ce94568e7db62156591,,,,,annes-assisted-living-2,,https://aplaceforseniorscms.kinsta.cloud/listing/annes-assisted-living-2/,publish
6932,96f1bbbe7af7fb9a431bdd8989ea26d4,,,,,arden-haven-assisted-living-2,,https://aplaceforseniorscms.kinsta.cloud/listing/arden-haven-assisted-living-2/,publish
6935,4d3501d92305c8b89d462b745cc972b9,,,,,arden-villa-2,,https://aplaceforseniorscms.kinsta.cloud/listing/arden-villa-2/,publish
6939,f862184d6df358662439cbe4ea33750c,,,,,arizona-assisted-living-2,,https://aplaceforseniorscms.kinsta.cloud/listing/arizona-assisted-living-2/,publish
6955,d6ade0004eab2a3bde23b36add08ea24,,,,,arizona-sun-assisted-living-2,,https://aplaceforseniorscms.kinsta.cloud/listing/arizona-sun-assisted-living-2/,publish
6965,,,,,,armada-care-homes-2,"Armada Care Homes is a thoughtfully designed residence focused on quality living for seniors. Amenities include all day dining, allergy-sensitive, community-sponsored activities, offering convenience and ease. Everything is centered around comfort, dignity, and personalized support.",https://aplaceforseniorscms.kinsta.cloud/listing/armada-care-homes-2/,publish
6999,d2861727-9500-4ac5-bc55-a4a54e738413,,,,,asterion-acres-2,,https://aplaceforseniorscms.kinsta.cloud/listing/asterion-acres-2/,publish
7018,0b131ca62c57f597cc82797069a5f481,,,,,audreys-adult-care-home-2,,https://aplaceforseniorscms.kinsta.cloud/listing/audreys-adult-care-home-2/,publish
7045,135abb45f83bbbfda07aa510776419bc,,,,,az-ohana-care-home-2,,https://aplaceforseniorscms.kinsta.cloud/listing/az-ohana-care-home-2/,publish
7063,78814399-8dd2-4a72-96e1-31025aa9e0c4octet-stream,,,,,barton-house-ii-2,,https://aplaceforseniorscms.kinsta.cloud/listing/barton-house-ii-2/,publish
7095,,,,,,best-care-home-of-moon-valley-2,"Best Care Home Of Moon Valley is a welcoming place for older adults to feel at home. Amenities include all day dining, allergy-sensitive, community-sponsored activities, offering convenience and ease. From daily routines to special moments, residents are supported every step of the way.",https://aplaceforseniorscms.kinsta.cloud/listing/best-care-home-of-moon-valley-2/,publish
7104,b48167db586d908bd8364a497f8f34f1,,,,,better-life-assisted-living-2,,https://aplaceforseniorscms.kinsta.cloud/listing/better-life-assisted-living-2/,publish
7126,489fe92faa535d9e197d8b29066e850e,,,,,blue-royale-assisted-living-2,,https://aplaceforseniorscms.kinsta.cloud/listing/blue-royale-assisted-living-2/,publish
7136,,,,,,bridgewater-assisted-living-2,,https://aplaceforseniorscms.kinsta.cloud/listing/bridgewater-assisted-living-2/,publish
7182,e34a11ea-7544-444a-abeb-c8337ab7e159octet-stream,,,,,caissa-assisted-living-2,,https://aplaceforseniorscms.kinsta.cloud/listing/caissa-assisted-living-2/,publish
7214,e96021342e9bad93923aa2a58798bce8,,,,,caring-for-generations-corner-2,,https://aplaceforseniorscms.kinsta.cloud/listing/caring-for-generations-corner-2/,publish
7216,11ebf29a094e1f39f4044f5518b48ffb,,,,,caring-for-generations-2,,https://aplaceforseniorscms.kinsta.cloud/listing/caring-for-generations-2/,publish
7218,61d45ff4209220488a59b43c292fb6f4,,,,,caring-for-loved-ones-2,,https://aplaceforseniorscms.kinsta.cloud/listing/caring-for-loved-ones-2/,publish
7223,d325df02d6d97d0d19ce16b162235044,,,,,caring-hearts-assisted-living-2,,https://aplaceforseniorscms.kinsta.cloud/listing/caring-hearts-assisted-living-2/,publish
7237,,,,,,casa-de-vida-living-2,"Casa De Vida Living creates a space where seniors can feel secure and cared for. Amenities include all day dining, allergy-sensitive, community-sponsored activities, offering convenience and ease. Designed to promote independence while providing just the right level of assistance.",https://aplaceforseniorscms.kinsta.cloud/listing/casa-de-vida-living-2/,publish
7281,66f99378bfb6e107366897bed900f116,,,,,circle-of-life-alzheimer-homes-2,,https://aplaceforseniorscms.kinsta.cloud/listing/circle-of-life-alzheimer-homes-2/,publish
7307,422f1528f3b71ad8ac573ae8d9e07840,,,,,comfort-assisted-living-2,,https://aplaceforseniorscms.kinsta.cloud/listing/comfort-assisted-living-2/,publish
7355,,,,,,crismon-peaks-assisted-living-2,"Crismon Peaks Assisted Living is a thoughtfully designed residence focused on quality living for seniors. Amenities include all day dining, allergy-sensitive, community-sponsored activities, offering convenience and ease. It's a place where thoughtful care meets everyday comfort.",https://aplaceforseniorscms.kinsta.cloud/listing/crismon-peaks-assisted-living-2/,publish
7359,516a53121a85b56d3c5d74f564f8f104,,,,,crossroads-assisted-living-2,,https://aplaceforseniorscms.kinsta.cloud/listing/crossroads-assisted-living-2/,publish
7394,383131ca767749a1166bdcc27fe33be4,,,,,desert-cove-assisted-living-2,,https://aplaceforseniorscms.kinsta.cloud/listing/desert-cove-assisted-living-2/,publish
7400,f2e95af34862fd7074edeefa30c0e386,,,,,desert-gardens-assisted-living-2,,https://aplaceforseniorscms.kinsta.cloud/listing/desert-gardens-assisted-living-2/,publish
7409,,,,,,desert-jewel-at-orange-tree-2,"Desert Jewel At Orange Tree is a welcoming place for older adults to feel at home. Amenities include all day dining, allergy-sensitive, community-sponsored activities, offering convenience and ease. From daily routines to special moments, residents are supported every step of the way.",https://aplaceforseniorscms.kinsta.cloud/listing/desert-jewel-at-orange-tree-2/,publish
7485,341fb9e7fc41dada367266442b87173f,,,,,dt-care-2,,https://aplaceforseniorscms.kinsta.cloud/listing/dt-care-2/,publish
7519,79977bc7ec56b28ba27949d703d61d45,,,,,elite-assisted-living-2,,https://aplaceforseniorscms.kinsta.cloud/listing/elite-assisted-living-2/,publish
7573,60311392-c959-4113-b52b-49ed29686bc8,,,,,encore-on-first-2,,https://aplaceforseniorscms.kinsta.cloud/listing/encore-on-first-2/,publish
7579,1b9256955bf0bd1443b24ac1e2888f03,,,,,essential-patient-care-2,,https://aplaceforseniorscms.kinsta.cloud/listing/essential-patient-care-2/,publish
7625,1f3f6611-2552-4bae-92f2-d29f39639849,,,,,eyal-llc-2,,https://aplaceforseniorscms.kinsta.cloud/listing/eyal-llc-2/,publish
7670,9de6655617fa704a3e9a99fb6f13305f,,,,,faubush-family-homes-2,,https://aplaceforseniorscms.kinsta.cloud/listing/faubush-family-homes-2/,publish
7692,,,,,,firebird-assisted-living-2,"Firebird Assisted Living 2 creates a space where seniors can feel secure and cared for. Amenities include all day dining, allergy-sensitive, community-sponsored activities, offering convenience and ease. Designed to promote independence while providing just the right level of assistance.",https://aplaceforseniorscms.kinsta.cloud/listing/firebird-assisted-living-2/,publish
7712,,,,,,flomarie-love-care-home-2,"Flomarie Love & Care Home 2 creates a space where seniors can feel secure and cared for. Amenities include all day dining, allergy-sensitive, community-sponsored activities, offering convenience and ease. Everything is centered around comfort, dignity, and personalized support.",https://aplaceforseniorscms.kinsta.cloud/listing/flomarie-love-care-home-2/,publish
7714,551420c34108a11598b3fd9c3923764b,,,,,flowers-assisted-living-2,,https://aplaceforseniorscms.kinsta.cloud/listing/flowers-assisted-living-2/,publish
7744,bafc9eaf0b45d5e55af778309cf60764,,,,,frances-residential-care-home-2,,https://aplaceforseniorscms.kinsta.cloud/listing/frances-residential-care-home-2/,publish
7786,5bb6e147f028ce23d0aac25af55f2b49,,,,,gems-assisted-living-2,,https://aplaceforseniorscms.kinsta.cloud/listing/gems-assisted-living-2/,publish
7894,bc2b20eed042411ac55ba0e743ad654a,,,,,grace-assisted-living-2,,https://aplaceforseniorscms.kinsta.cloud/listing/grace-assisted-living-2/,publish
7922,,,,,,grandmas-angel-2,"Grandma's Angel 2 creates a space where seniors can feel secure and cared for. Amenities include all day dining, allergy-sensitive, community-sponsored activities, offering convenience and ease. Designed to promote independence while providing just the right level of assistance.",https://aplaceforseniorscms.kinsta.cloud/listing/grandmas-angel-2/,publish
7956,b6e43290ec81465ce435c623c1f1ec81,,,,,hacienda-de-luna-assisted-living-2,,https://aplaceforseniorscms.kinsta.cloud/listing/hacienda-de-luna-assisted-living-2/,publish
7967,358e2818c655b16620d5210f0f6c830b,,,,,halynas-care-2,,https://aplaceforseniorscms.kinsta.cloud/listing/halynas-care-2/,publish
7981,47180fc5aa43f22676eded06cfcf9c44,,,,,happy-hearts-2,,https://aplaceforseniorscms.kinsta.cloud/listing/happy-hearts-2/,publish
8000,13c32813-ff16-4d63-9731-609a896c7f77,,,,,harvest-at-queen-creek-2,,https://aplaceforseniorscms.kinsta.cloud/listing/harvest-at-queen-creek-2/,publish
8016,524ba83ed45b6286e43e0b8a26ec0f45,,,,,haven-springs-at-north-phoenix-2,,https://aplaceforseniorscms.kinsta.cloud/listing/haven-springs-at-north-phoenix-2/,publish
8050,7a3aefde9780b3d44a74004705d89f1c,,,,,helping-hands-2,,https://aplaceforseniorscms.kinsta.cloud/listing/helping-hands-2/,publish
8096,,,,,,higley-house-care-home-2,"Higley House Care Home creates a space where seniors can feel secure and cared for. Amenities include all day dining, allergy-sensitive, community-sponsored activities, offering convenience and ease. Here, community and compassion go hand in hand.",https://aplaceforseniorscms.kinsta.cloud/listing/higley-house-care-home-2/,publish
8117,,,,,,holy-name-assisted-living-2,"Holy Name Assisted Living 2 offers a peaceful setting where residents can enjoy day-to-day life comfortably. Amenities include all day dining, allergy-sensitive, community-sponsored activities, offering convenience and ease. Here, community and compassion go hand in hand.",https://aplaceforseniorscms.kinsta.cloud/listing/holy-name-assisted-living-2/,publish
8138,7b8c48ffd3a745751808a2433ba7cd3b,,,,,hope-care-assisted-living-2,,https://aplaceforseniorscms.kinsta.cloud/listing/hope-care-assisted-living-2/,publish
8150,,,,,,horizon-manor-2,"Horizon Manor 2 is a welcoming place for older adults to feel at home. Amenities include all day dining, allergy-sensitive, community-sponsored activities, offering convenience and ease. Designed to promote independence while providing just the right level of assistance.",https://aplaceforseniorscms.kinsta.cloud/listing/horizon-manor-2/,publish
8154,f3a28f7b3c203f8ad4f0af6ba5461889,,,,,house-of-butterfly-assisted-living-2,,https://aplaceforseniorscms.kinsta.cloud/listing/house-of-butterfly-assisted-living-2/,publish
8178,46e8ff70b6c513fe0672b180498d5b3a,,,,,hummingbird-manor-2,,https://aplaceforseniorscms.kinsta.cloud/listing/hummingbird-manor-2/,publish
8192,d461af8a660218f5c85d0fa8f8458e0c,,,,,immaculate-heart-of-mary-assisted-living-2,,https://aplaceforseniorscms.kinsta.cloud/listing/immaculate-heart-of-mary-assisted-living-2/,publish
8198,0f1d1c857708507ac43240dba70c6b17,,,,,immanuel-campus-of-care-2,,https://aplaceforseniorscms.kinsta.cloud/listing/immanuel-campus-of-care-2/,publish
8214,048586f064ca18108cb88884d4cf055b,,,,,infinity-assisted-living-2,,https://aplaceforseniorscms.kinsta.cloud/listing/infinity-assisted-living-2/,publish
8269,jolley-family-assisted-living-llc-bedroom-1,,,,,jolley-family-assisted-living-2,"At Jolley Family Assisted Living, residents find a supportive environment that puts well-being first. Amenities include all day dining, allergy-sensitive, community-sponsored activities, offering convenience and ease. From daily routines to special moments, residents are supported every step of the way.",https://aplaceforseniorscms.kinsta.cloud/listing/jolley-family-assisted-living-2/,publish
8279,3bd5107b-7e5d-40cb-897b-00cbbad313f1,,,,,joy-care-assisted-living-2,,https://aplaceforseniorscms.kinsta.cloud/listing/joy-care-assisted-living-2/,publish
8317,9d9c8b76dd325ea74f9d268a360fdfab,,,,,kindred-homes-yuma-2,,https://aplaceforseniorscms.kinsta.cloud/listing/kindred-homes-yuma-2/,publish
8329,a967155dc7eef2d6e8728206f1cba020,,,,,kleins-home-care-2,,https://aplaceforseniorscms.kinsta.cloud/listing/kleins-home-care-2/,publish
8370,,,,,,lakeview-assisted-living-2,"At Lakeview Assisted Living, residents find a supportive environment that puts well-being first. Amenities include all day dining, allergy-sensitive, community-sponsored activities, offering convenience and ease. Designed to promote independence while providing just the right level of assistance.",https://aplaceforseniorscms.kinsta.cloud/listing/lakeview-assisted-living-2/,publish
8378,,,,,,larisa-sweet-home-2,,https://aplaceforseniorscms.kinsta.cloud/listing/larisa-sweet-home-2/,publish
8387,f0c367fa1dac86c97ff92045b3fe9c76,,,,,las-palmas-assisted-living-2,,https://aplaceforseniorscms.kinsta.cloud/listing/las-palmas-assisted-living-2/,publish
8397,85ac65a9007ef42037789a31a3d1ddda,,,,,laurel-i-al-2,,https://aplaceforseniorscms.kinsta.cloud/listing/laurel-i-al-2/,publish
8411,9344774f6d72eeeadc6fbdbad78ab087,,,,,legacy-assisted-living-2,,https://aplaceforseniorscms.kinsta.cloud/listing/legacy-assisted-living-2/,publish
8435,76c0cdef28925406b94f760ef6774278,,,,,legends-senior-living-2,,https://aplaceforseniorscms.kinsta.cloud/listing/legends-senior-living-2/,publish
8454,5b8b0997d96fe0258f2d26c566b06f42,,,,,letis-at-valencia-mdsl-2,,https://aplaceforseniorscms.kinsta.cloud/listing/letis-at-valencia-mdsl-2/,publish
8477,Lifestream-At-Youngtown_10,,,,,lifestream-at-youngtown-2,"Lifestream At Youngtown offers a peaceful setting where residents can enjoy day-to-day life comfortably. Amenities include all day dining, allergy-sensitive, arts room, offering convenience and ease. It's a place where thoughtful care meets everyday comfort.",https://aplaceforseniorscms.kinsta.cloud/listing/lifestream-at-youngtown-2/,publish
8632,,,,,,mary-petes-assisted-living-2,"At Mary & Pete's Assisted Living, residents find a supportive environment that puts well-being first. Amenities include all day dining, allergy-sensitive, community-sponsored activities, offering convenience and ease. It's a place where thoughtful care meets everyday comfort.",https://aplaceforseniorscms.kinsta.cloud/listing/mary-petes-assisted-living-2/,publish
8635,08cab65f7ce24fd948673b06e45fbde4,,,,,mary-grace-care-home-2,,https://aplaceforseniorscms.kinsta.cloud/listing/mary-grace-care-home-2/,publish
8662,20f7fcc8245a1fd3495c368cc13da1c4,,,,,mayfair-eden-homes-2,,https://aplaceforseniorscms.kinsta.cloud/listing/mayfair-eden-homes-2/,publish
8703,0ace008f5a02d362cd27fec5aaceaafd,,,,,metropolitan-assisted-living-2,,https://aplaceforseniorscms.kinsta.cloud/listing/metropolitan-assisted-living-2/,publish
8715,,,,,,miramonte-alh-2,"Miramonte Alh creates a space where seniors can feel secure and cared for. Amenities include all day dining, allergy-sensitive, community-sponsored activities, offering convenience and ease. From daily routines to special moments, residents are supported every step of the way.",https://aplaceforseniorscms.kinsta.cloud/listing/miramonte-alh-2/,publish
8723,9d8ad1e6-1b5d-4687-9be0-2f74e6346e56,,,,,mom-and-dad-place-2,,https://aplaceforseniorscms.kinsta.cloud/listing/mom-and-dad-place-2/,publish
8769,378e58e6c722d1600389fea3054db854,,,,,mountain-care-of-snowflake-2,,https://aplaceforseniorscms.kinsta.cloud/listing/mountain-care-of-snowflake-2/,publish
8781,,,,,,mountain-view-carehome-2,"Mountain View Carehome offers a peaceful setting where residents can enjoy day-to-day life comfortably. Amenities include all day dining, allergy-sensitive, community-sponsored activities, offering convenience and ease. It's a place where thoughtful care meets everyday comfort.",https://aplaceforseniorscms.kinsta.cloud/listing/mountain-view-carehome-2/,publish
8810,c056b83bbbef72f2c605b1aaf5256a72,,,,,new-horizons-adult-care-home-2,,https://aplaceforseniorscms.kinsta.cloud/listing/new-horizons-adult-care-home-2/,publish
8869,5b247118719a66c7ccf09ea44bdc5c9d,,,,,oak-haven-assisted-living-2,,https://aplaceforseniorscms.kinsta.cloud/listing/oak-haven-assisted-living-2/,publish
8886,1dbc8fc8c4d2d2d70daae9d45e0d0da3,,,,,ohana-adult-care-home-2,,https://aplaceforseniorscms.kinsta.cloud/listing/ohana-adult-care-home-2/,publish
8907,b478dd1d313c5ffdf14562cd6df52599,,,,,orange-grove-senior-care-2,,https://aplaceforseniorscms.kinsta.cloud/listing/orange-grove-senior-care-2/,publish
8925,d795cb78be45d183dee3d7564ab4e9d5,,,,,ordinary-lifestyles-iv-2,,https://aplaceforseniorscms.kinsta.cloud/listing/ordinary-lifestyles-iv-2/,publish
8942,,,,,,page-springs-living-2,"At Page Springs Living, residents find a supportive environment that puts well-being first. Amenities include all day dining, allergy-sensitive, community-sponsored activities, offering convenience and ease. Here, community and compassion go hand in hand.",https://aplaceforseniorscms.kinsta.cloud/listing/page-springs-living-2/,publish
8958,52db74da1aa43eb4fd7e6779516cd086,,,,,paradise-assisted-living-2,,https://aplaceforseniorscms.kinsta.cloud/listing/paradise-assisted-living-2/,publish
8968,6df4d715c30bb0d94353f74f5d3fbf48,,,,,paradise-life-care-2,,https://aplaceforseniorscms.kinsta.cloud/listing/paradise-life-care-2/,publish
8972,8cdef8e9416da5d22b12b9d688dca1f2,,,,,paradise-living-centers-camelback-2,,https://aplaceforseniorscms.kinsta.cloud/listing/paradise-living-centers-camelback-2/,publish
9000,2b0d2204-db4b-45c3-b4ee-641a3a7a9246,,,,,park-senior-villas-at-goodyear-2,,https://aplaceforseniorscms.kinsta.cloud/listing/park-senior-villas-at-goodyear-2/,publish
9022,4499254192fd43d53a0cd1581590d95e,,,,,park-senior-villas-at-la-canada-villa-a-2,,https://aplaceforseniorscms.kinsta.cloud/listing/park-senior-villas-at-la-canada-villa-a-2/,publish
9026,58953f107014bdaec40a0dcefca52cad,,,,,park-senior-villas-at-la-canada-villa-b-2,,https://aplaceforseniorscms.kinsta.cloud/listing/park-senior-villas-at-la-canada-villa-b-2/,publish
9030,9592e8892737b7fa38c52f99d928b074,,,,,park-senior-villas-at-la-canada-villa-c-2,,https://aplaceforseniorscms.kinsta.cloud/listing/park-senior-villas-at-la-canada-villa-c-2/,publish
9034,4aee70871e09e390ed0851cbaf9e4630,,,,,park-senior-villas-at-la-canada-villa-d-2,,https://aplaceforseniorscms.kinsta.cloud/listing/park-senior-villas-at-la-canada-villa-d-2/,publish
9038,77dd5471e1a2ddc5633ca67762477844,,,,,park-senior-villas-at-la-canada-villa-f-2,,https://aplaceforseniorscms.kinsta.cloud/listing/park-senior-villas-at-la-canada-villa-f-2/,publish
9046,2caf6656cfc63748e664b31fae4f884e,,,,,park-senior-villas-at-la-canada-villa-i-2,,https://aplaceforseniorscms.kinsta.cloud/listing/park-senior-villas-at-la-canada-villa-i-2/,publish
9054,9a8e24b0176eddf9dee354c3d8c7e8df,,,,,park-senior-villas-at-la-canada-villa-l-2,,https://aplaceforseniorscms.kinsta.cloud/listing/park-senior-villas-at-la-canada-villa-l-2/,publish
9119,4d55622dda1c881ddacf300ce1753d16,,,,,perpetual-help-assisted-living-2,,https://aplaceforseniorscms.kinsta.cloud/listing/perpetual-help-assisted-living-2/,publish
9123,9b668756ddccbf237ad4c5a2efcd0a78,,,,,petradi-green-diamond-group-home-2,,https://aplaceforseniorscms.kinsta.cloud/listing/petradi-green-diamond-group-home-2/,publish
9182,d9d9641db1f57b6c2e48fe4a1e65f2ef,,,,,prestige-home-2,,https://aplaceforseniorscms.kinsta.cloud/listing/prestige-home-2/,publish
9216,dedb526f-c3ef-44c2-afa7-74f3ae7e0692octet-stream,,,,,queen-of-hearts-2,,https://aplaceforseniorscms.kinsta.cloud/listing/queen-of-hearts-2/,publish
9254,,,,,,rejoice-assisted-living-2,"At Rejoice Assisted Living 2, residents find a supportive environment that puts well-being first. Amenities include all day dining, allergy-sensitive, community-sponsored activities, offering convenience and ease. Here, community and compassion go hand in hand.",https://aplaceforseniorscms.kinsta.cloud/listing/rejoice-assisted-living-2/,publish
9260,5e5cda287f66b819dadc3589d8977bb0,,,,,renatas-home-for-the-elderly-2,,https://aplaceforseniorscms.kinsta.cloud/listing/renatas-home-for-the-elderly-2/,publish
9262,55f046067a1fa9de3105ed0c68dd19fc,,,,,renatas-home-for-the-elderly-2-2,,https://aplaceforseniorscms.kinsta.cloud/listing/renatas-home-for-the-elderly-2-2/,publish
9353,c4fd4463b968b5dac61cd88ce634959c,,,,,sage-house-35th-2,,https://aplaceforseniorscms.kinsta.cloud/listing/sage-house-35th-2/,publish
9400,319dfd2a4046c2f78aede9dcc68b83e3,,,,,saragosa-mc-assisted-living-2,,https://aplaceforseniorscms.kinsta.cloud/listing/saragosa-mc-assisted-living-2/,publish
9493,66e976da1532fe32a09cd467d0bc075c,,,,,shepherd-hills-senior-care-2,,https://aplaceforseniorscms.kinsta.cloud/listing/shepherd-hills-senior-care-2/,publish
9499,0b9214c351a42ce22454165db02f2bf1,,,,,sheridan-garden-assisted-living-2,,https://aplaceforseniorscms.kinsta.cloud/listing/sheridan-garden-assisted-living-2/,publish
9536,5879ed05e5f9d6ce422208b6e42a2195,,,,,silver-creek-leisure-living-2,,https://aplaceforseniorscms.kinsta.cloud/listing/silver-creek-leisure-living-2/,publish
9615,,,,,,st-therese-care-home-2,"At St Therese Care Home 2, residents find a supportive environment that puts well-being first. Amenities include all day dining, allergy-sensitive, community-sponsored activities, offering convenience and ease. Here, community and compassion go hand in hand.",https://aplaceforseniorscms.kinsta.cloud/listing/st-therese-care-home-2/,publish
9627,d69cc9fc-7f08-4660-ae6d-b7da1c51049a,,,,,starfish-care-homes-2,,https://aplaceforseniorscms.kinsta.cloud/listing/starfish-care-homes-2/,publish
9737,a465c178ec0617a9842b3ac0a0c741cf,,,,,sunrise-adult-care-home-2,,https://aplaceforseniorscms.kinsta.cloud/listing/sunrise-adult-care-home-2/,publish
9743,938acd6b41de7ef2401b8d4397c18cb1,,,,,sunrise-assisted-living-2,,https://aplaceforseniorscms.kinsta.cloud/listing/sunrise-assisted-living-2/,publish
9751,sunrise-care-homes-sunnyvale-front-1,,,,,sunrise-care-homes-sunnyvale-2,"Sunrise Care Homes Sunnyvale is a thoughtfully designed residence focused on quality living for seniors. Amenities include all day dining, allergy-sensitive, community-sponsored activities, offering convenience and ease. Everything is centered around comfort, dignity, and personalized support.",https://aplaceforseniorscms.kinsta.cloud/listing/sunrise-care-homes-sunnyvale-2/,publish
9754,a08b3bc03db5c122c276abe74704ff5f,,,,,sunrise-care-homeshayden-2,,https://aplaceforseniorscms.kinsta.cloud/listing/sunrise-care-homeshayden-2/,publish
9789,bf1339a26e4e73a8b828cb13604ae312,,,,,suntown-assistance-home-2,,https://aplaceforseniorscms.kinsta.cloud/listing/suntown-assistance-home-2/,publish
9821,f3ddae0562d9e9a9e776057873cd1016,,,,,tbi-care-2,,https://aplaceforseniorscms.kinsta.cloud/listing/tbi-care-2/,publish
9861,IMG_4376,,,,,the-forum-at-desert-harbor-2,"At The Forum At Desert Harbor, residents find a supportive environment that puts well-being first. Amenities include air conditioning, all day dining, allergy-sensitive, offering convenience and ease. From daily routines to special moments, residents are supported every step of the way.",https://aplaceforseniorscms.kinsta.cloud/listing/the-forum-at-desert-harbor-2/,publish
9874,86a4d9b3-0ced-4a82-bd04-55ebdb384021,,,,,the-gardens-of-sun-city-2,,https://aplaceforseniorscms.kinsta.cloud/listing/the-gardens-of-sun-city-2/,publish
9996,511c6d44bc82ff53de10f5b3e85b018f,,,,,the-watermark-at-morrison-ranch-2,,https://aplaceforseniorscms.kinsta.cloud/listing/the-watermark-at-morrison-ranch-2/,publish
10110,ff89e40655dcc556be1726e5a844a885,,,,,via-linda-assisted-living-2,,https://aplaceforseniorscms.kinsta.cloud/listing/via-linda-assisted-living-2/,publish
10149,25456b76-2665-4572-ab77-052520962f26octet-stream,,,,,visions-senior-living-at-apache-junction-2,,https://aplaceforseniorscms.kinsta.cloud/listing/visions-senior-living-at-apache-junction-2/,publish
10151,,,,,,visions-senior-living-at-mesa-2,,https://aplaceforseniorscms.kinsta.cloud/listing/visions-senior-living-at-mesa-2/,publish
10171,844d18ed-9a8c-48c2-a9f9-48bb2d4d19f7octet-stream,,,,,vista-winds-2,,https://aplaceforseniorscms.kinsta.cloud/listing/vista-winds-2/,publish
10263,49aeed16738a2d036784214fcbfb5308,,,,,young-life-assisted-living-2,,https://aplaceforseniorscms.kinsta.cloud/listing/young-life-assisted-living-2/,publish
10276,Birdseye-View-2048x1150,,,,,the-enclave-at-anthem-senior-living-2,"The Enclave at Anthem Senior Living creates a space where seniors can feel secure and cared for. Amenities include air conditioning, all day dining, allergy-sensitive, offering convenience and ease. From daily routines to special moments, residents are supported every step of the way.",https://aplaceforseniorscms.kinsta.cloud/listing/the-enclave-at-anthem-senior-living-2/,publish
10277,,,,,,anthem-senior-living-2,"At Anthem Senior Living, residents find a supportive environment that puts well-being first. Amenities include all day dining, allergy-sensitive, community-sponsored activities, offering convenience and ease. It's a place where thoughtful care meets everyday comfort.",https://aplaceforseniorscms.kinsta.cloud/listing/anthem-senior-living-2/,publish
10281,,,,,,daninas-care-home-2,"Danina's Care Home offers a peaceful setting where residents can enjoy day-to-day life comfortably. Amenities include all day dining, allergy-sensitive, community-sponsored activities, offering convenience and ease. It's a place where thoughtful care meets everyday comfort.",https://aplaceforseniorscms.kinsta.cloud/listing/daninas-care-home-2/,publish
10300,,,,,,aging-gracefully-2,"Aging Gracefully is a thoughtfully designed residence focused on quality living for seniors. Amenities include all day dining, allergy-sensitive, community-sponsored activities, offering convenience and ease. It's a place where thoughtful care meets everyday comfort.",https://aplaceforseniorscms.kinsta.cloud/listing/aging-gracefully-2/,publish
10305,ArborRoseSeniorCare_Photos_01_Seniorly,,,,,arbor-rose-senior-care-2,"Arbor Rose Senior Care creates a space where seniors can feel secure and cared for. Amenities include activity room, air conditioning, all day dining, offering convenience and ease. Everything is centered around comfort, dignity, and personalized support.",https://aplaceforseniorscms.kinsta.cloud/listing/arbor-rose-senior-care-2/,publish
10312,Screen-Shot-2022-12-24-at-10.07.19-AM,,,,,heritage-village-assisted-living-2,"Heritage Village Assisted Living is a welcoming place for older adults to feel at home. Amenities include all day dining, allergy-sensitive, arts room, offering convenience and ease. Everything is centered around comfort, dignity, and personalized support.",https://aplaceforseniorscms.kinsta.cloud/listing/heritage-village-assisted-living-2/,publish
10320,Peaceful20And20Comfort20Assisted20Living20Home2001,,,,,peaceful-and-comfort-assisted-living-2,"Peaceful And Comfort Assisted Living offers a peaceful setting where residents can enjoy day-to-day life comfortably. Amenities include all day dining, allergy-sensitive, community-sponsored activities, offering convenience and ease. It's a place where thoughtful care meets everyday comfort.",https://aplaceforseniorscms.kinsta.cloud/listing/peaceful-and-comfort-assisted-living-2/,publish
10322,Reflections20At20Fellowship20Square20Mesa_Photos_02_Seniorly,,,,,reflections-at-fellowship-square-mesa-2,"Reflections At Fellowship Square Mesa is a thoughtfully designed residence focused on quality living for seniors. Amenities include all day dining, allergy-sensitive, arts room, offering convenience and ease. Designed to promote independence while providing just the right level of assistance.",https://aplaceforseniorscms.kinsta.cloud/listing/reflections-at-fellowship-square-mesa-2/,publish
10334,,,,,,doctors-choice-assisted-living-2,"Doctor's Choice Assisted Living offers a peaceful setting where residents can enjoy day-to-day life comfortably. Amenities include all day dining, allergy-sensitive, community-sponsored activities, offering convenience and ease. Here, community and compassion go hand in hand.",https://aplaceforseniorscms.kinsta.cloud/listing/doctors-choice-assisted-living-2/,publish
10337,,,,,,christcentered-care-assisted-living-2,"Christ-Centered Care Assisted Living offers a peaceful setting where residents can enjoy day-to-day life comfortably. Amenities include all day dining, allergy-sensitive, community-sponsored activities, offering convenience and ease. Everything is centered around comfort, dignity, and personalized support.",https://aplaceforseniorscms.kinsta.cloud/listing/christcentered-care-assisted-living-2/,publish
10341,,,,,,eden-adult-care-facility-2,"Eden Adult Care Facility is a thoughtfully designed residence focused on quality living for seniors. Amenities include all day dining, allergy-sensitive, community-sponsored activities, offering convenience and ease. It's a place where thoughtful care meets everyday comfort.",https://aplaceforseniorscms.kinsta.cloud/listing/eden-adult-care-facility-2/,publish
10345,,,,,,home-sweet-home-2,"Home Sweet Home is a welcoming place for older adults to feel at home. Amenities include all day dining, allergy-sensitive, community-sponsored activities, offering convenience and ease. It's a place where thoughtful care meets everyday comfort.",https://aplaceforseniorscms.kinsta.cloud/listing/home-sweet-home-2/,publish
10347,,,,,,crystal-cove-home-care-ii-2,"Crystal Cove Home Care II offers a peaceful setting where residents can enjoy day-to-day life comfortably. Amenities include all day dining, allergy-sensitive, community-sponsored activities, offering convenience and ease. Everything is centered around comfort, dignity, and personalized support.",https://aplaceforseniorscms.kinsta.cloud/listing/crystal-cove-home-care-ii-2/,publish
10353,LegacyHouseAvondale_Photos_01_Seniorly,,,,,legacy-house-of-avondale-2,"Legacy House of Avondale offers a peaceful setting where residents can enjoy day-to-day life comfortably. Amenities include activity room, air conditioning, all day dining, offering convenience and ease. Designed to promote independence while providing just the right level of assistance.",https://aplaceforseniorscms.kinsta.cloud/listing/legacy-house-of-avondale-2/,publish
10354,HaciendaDelRey_Photos_04_Seniorly,,,,,hacienda-del-rey-2,"Hacienda Del Rey offers a peaceful setting where residents can enjoy day-to-day life comfortably. Amenities include air conditioning, all day dining, allergy-sensitive, offering convenience and ease. From daily routines to special moments, residents are supported every step of the way.",https://aplaceforseniorscms.kinsta.cloud/listing/hacienda-del-rey-2/,publish
10365,,,,,,amani-adult-care-home-2,"Amani Adult Care Home 2 creates a space where seniors can feel secure and cared for. Amenities include all day dining, allergy-sensitive, community-sponsored activities, offering convenience and ease. Here, community and compassion go hand in hand.",https://aplaceforseniorscms.kinsta.cloud/listing/amani-adult-care-home-2/,publish
10366,,,,,,the-atienzos-loving-care-assisted-living-2,"The Atienzo's Loving Care Assisted Living 2 is a welcoming place for older adults to feel at home. Amenities include all day dining, allergy-sensitive, community-sponsored activities, offering convenience and ease. Everything is centered around comfort, dignity, and personalized support.",https://aplaceforseniorscms.kinsta.cloud/listing/the-atienzos-loving-care-assisted-living-2/,publish
10379,,,,,,litchfield-terrace-assisted-living-2,"Litchfield Terrace Assisted Living is a welcoming place for older adults to feel at home. Amenities include all day dining, allergy-sensitive, community-sponsored activities, offering convenience and ease. Designed to promote independence while providing just the right level of assistance.",https://aplaceforseniorscms.kinsta.cloud/listing/litchfield-terrace-assisted-living-2/,publish
10389,,,,,,morning-glory-2,"Morning Glory 2 creates a space where seniors can feel secure and cared for. Amenities include all day dining, allergy-sensitive, community-sponsored activities, offering convenience and ease. Here, community and compassion go hand in hand.",https://aplaceforseniorscms.kinsta.cloud/listing/morning-glory-2/,publish
10400,,,,,,in-angel-arms-2,"In Angel Arms creates a space where seniors can feel secure and cared for. Amenities include all day dining, allergy-sensitive, community-sponsored activities, offering convenience and ease. Everything is centered around comfort, dignity, and personalized support.",https://aplaceforseniorscms.kinsta.cloud/listing/in-angel-arms-2/,publish
10407,RainbowAcres_photo_04_seniorly,,,,,rainbow-acres-2,"At Rainbow Acres, residents find a supportive environment that puts well-being first. Amenities include activity room, air conditioning, all day dining, offering convenience and ease. Everything is centered around comfort, dignity, and personalized support.",https://aplaceforseniorscms.kinsta.cloud/listing/rainbow-acres-2/,publish
10411,IMG_4214new,,,,,clearwater-pinnacle-peak-2,"At Clearwater Pinnacle Peak, residents find a supportive environment that puts well-being first. Amenities include activity room, air conditioning, all day dining, offering convenience and ease. Everything is centered around comfort, dignity, and personalized support.",https://aplaceforseniorscms.kinsta.cloud/listing/clearwater-pinnacle-peak-2/,publish
10418,,,,,,carefree-assisted-living-2,"Carefree Assisted Living creates a space where seniors can feel secure and cared for. Amenities include all day dining, allergy-sensitive, community-sponsored activities, offering convenience and ease. Here, community and compassion go hand in hand.",https://aplaceforseniorscms.kinsta.cloud/listing/carefree-assisted-living-2/,publish
10434,inspirations-of-tempe-courtyard,,,,,inspirations-of-tempe-2,"Inspirations Of Tempe offers a peaceful setting where residents can enjoy day-to-day life comfortably. Amenities include activity room, air conditioning, all day dining, offering convenience and ease. Everything is centered around comfort, dignity, and personalized support.",https://aplaceforseniorscms.kinsta.cloud/listing/inspirations-of-tempe-2/,publish
10436,fellowship-square-historic-mesa-mesa_01_sly_high_res_,,,,,fellowship-square-historic-mesa-2,"Fellowship Square Historic Mesa is a thoughtfully designed residence focused on quality living for seniors. Amenities include activity room, air conditioning, all day dining, offering convenience and ease. Designed to promote independence while providing just the right level of assistance.",https://aplaceforseniorscms.kinsta.cloud/listing/fellowship-square-historic-mesa-2/,publish
10438,Screen-Shot-2023-01-16-at-10.55.12-AM,,,,,clearwater-ahwatukee-2,"Clearwater Ahwatukee creates a space where seniors can feel secure and cared for. Amenities include activity room, air conditioning, all day dining, offering convenience and ease. Designed to promote independence while providing just the right level of assistance.",https://aplaceforseniorscms.kinsta.cloud/listing/clearwater-ahwatukee-2/,publish
10442,IMG_4493,,,,,clearwater-agritopia-2,"Clearwater Agritopia offers a peaceful setting where residents can enjoy day-to-day life comfortably. Amenities include activity room, air conditioning, all day dining, offering convenience and ease. Designed to promote independence while providing just the right level of assistance.",https://aplaceforseniorscms.kinsta.cloud/listing/clearwater-agritopia-2/,publish
10453,,,,,,desert-stream-assisted-living-2,"At Desert Stream Assisted Living 2, residents find a supportive environment that puts well-being first. Amenities include all day dining, allergy-sensitive, community-sponsored activities, offering convenience and ease. Here, community and compassion go hand in hand.",https://aplaceforseniorscms.kinsta.cloud/listing/desert-stream-assisted-living-2/,publish
10465,,,,,,magic-touch-adult-care-2,"Magic Touch Adult Care creates a space where seniors can feel secure and cared for. Amenities include all day dining, allergy-sensitive, community-sponsored activities, offering convenience and ease. From daily routines to special moments, residents are supported every step of the way.",https://aplaceforseniorscms.kinsta.cloud/listing/magic-touch-adult-care-2/,publish
10477,,,,,,archangel-assisted-living-2,"Archangel Assisted Living creates a space where seniors can feel secure and cared for. Amenities include all day dining, allergy-sensitive, community-sponsored activities, offering convenience and ease. It's a place where thoughtful care meets everyday comfort.",https://aplaceforseniorscms.kinsta.cloud/listing/archangel-assisted-living-2/,publish
10481,,,,,,desert-palace-assisted-living-2,"At Desert Palace Assisted Living, residents find a supportive environment that puts well-being first. Amenities include all day dining, allergy-sensitive, community-sponsored activities, offering convenience and ease. From daily routines to special moments, residents are supported every step of the way.",https://aplaceforseniorscms.kinsta.cloud/listing/desert-palace-assisted-living-2/,publish
10486,,,,,,casa-aplaya-2,"Casa Aplaya 2 creates a space where seniors can feel secure and cared for. Amenities include all day dining, allergy-sensitive, community-sponsored activities, offering convenience and ease. It's a place where thoughtful care meets everyday comfort.",https://aplaceforseniorscms.kinsta.cloud/listing/casa-aplaya-2/,publish
10494,,,,,,kiran-manor-2,"Kiran Manor offers a peaceful setting where residents can enjoy day-to-day life comfortably. Amenities include all day dining, allergy-sensitive, community-sponsored activities, offering convenience and ease. From daily routines to special moments, residents are supported every step of the way.",https://aplaceforseniorscms.kinsta.cloud/listing/kiran-manor-2/,publish
10509,,,,,,desert-palm-2,"Desert Palm 2 is a thoughtfully designed residence focused on quality living for seniors. Amenities include all day dining, allergy-sensitive, community-sponsored activities, offering convenience and ease. Everything is centered around comfort, dignity, and personalized support.",https://aplaceforseniorscms.kinsta.cloud/listing/desert-palm-2/,publish
10512,,,,,,mercys-care-home-i-2,"At Mercy's Care Home I, residents find a supportive environment that puts well-being first. Amenities include all day dining, allergy-sensitive, community-sponsored activities, offering convenience and ease. Here, community and compassion go hand in hand.",https://aplaceforseniorscms.kinsta.cloud/listing/mercys-care-home-i-2/,publish
10541,,,,,,monte-manor-assisted-living-2,"Monte Manor Assisted Living offers a peaceful setting where residents can enjoy day-to-day life comfortably. Amenities include all day dining, allergy-sensitive, community-sponsored activities, offering convenience and ease. From daily routines to special moments, residents are supported every step of the way.",https://aplaceforseniorscms.kinsta.cloud/listing/monte-manor-assisted-living-2/,publish
10563,,,,,,comfort-haven-of-mesa-2,"Comfort Haven Of Mesa offers a peaceful setting where residents can enjoy day-to-day life comfortably. Amenities include all day dining, allergy-sensitive, community-sponsored activities, offering convenience and ease. Everything is centered around comfort, dignity, and personalized support.",https://aplaceforseniorscms.kinsta.cloud/listing/comfort-haven-of-mesa-2/,publish
10569,,,,,,am-homes-2,"AM Homes 2 is a thoughtfully designed residence focused on quality living for seniors. Amenities include all day dining, allergy-sensitive, community-sponsored activities, offering convenience and ease. Designed to promote independence while providing just the right level of assistance.",https://aplaceforseniorscms.kinsta.cloud/listing/am-homes-2/,publish
10586,,,,,,young-family-care-homes-and-investments-2,"Young Family Care Homes And Investments is a welcoming place for older adults to feel at home. Amenities include all day dining, allergy-sensitive, community-sponsored activities, offering convenience and ease. Here, community and compassion go hand in hand.",https://aplaceforseniorscms.kinsta.cloud/listing/young-family-care-homes-and-investments-2/,publish
10589,,,,,,dayflower-care-home-2,"Dayflower Care Home is a welcoming place for older adults to feel at home. Amenities include all day dining, allergy-sensitive, community-sponsored activities, offering convenience and ease. Everything is centered around comfort, dignity, and personalized support.",https://aplaceforseniorscms.kinsta.cloud/listing/dayflower-care-home-2/,publish
10590,,,,,,alder-leaf-assisted-living-2,"Alder Leaf Assisted Living is a welcoming place for older adults to feel at home. Amenities include all day dining, allergy-sensitive, community-sponsored activities, offering convenience and ease. It's a place where thoughtful care meets everyday comfort.",https://aplaceforseniorscms.kinsta.cloud/listing/alder-leaf-assisted-living-2/,publish
10591,,,,,,acuna-at-morning-sun-2,"At Acuna at Morning Sun, residents find a supportive environment that puts well-being first. Amenities include all day dining, allergy-sensitive, community-sponsored activities, offering convenience and ease. It's a place where thoughtful care meets everyday comfort.",https://aplaceforseniorscms.kinsta.cloud/listing/acuna-at-morning-sun-2/,publish
10600,,,,,,angels-wings-assisted-living-2,"At Angels Wings Assisted Living, residents find a supportive environment that puts well-being first. Amenities include all day dining, allergy-sensitive, community-sponsored activities, offering convenience and ease. Here, community and compassion go hand in hand.",https://aplaceforseniorscms.kinsta.cloud/listing/angels-wings-assisted-living-2/,publish
10602,,,,,,harmony-adult-living-solution-2,"Harmony Adult Living Solution offers a peaceful setting where residents can enjoy day-to-day life comfortably. Amenities include all day dining, allergy-sensitive, community-sponsored activities, offering convenience and ease. Designed to promote independence while providing just the right level of assistance.",https://aplaceforseniorscms.kinsta.cloud/listing/harmony-adult-living-solution-2/,publish
10606,,,,,,the-meadows-of-prescott-valley-2,"The Meadows Of Prescott Valley offers a peaceful setting where residents can enjoy day-to-day life comfortably. Amenities include all day dining, allergy-sensitive, community-sponsored activities, offering convenience and ease. Everything is centered around comfort, dignity, and personalized support.",https://aplaceforseniorscms.kinsta.cloud/listing/the-meadows-of-prescott-valley-2/,publish
10607,,,,,,circle-of-life-2,"At Circle Of Life 2, residents find a supportive environment that puts well-being first. Amenities include all day dining, allergy-sensitive, community-sponsored activities, offering convenience and ease. Designed to promote independence while providing just the right level of assistance.",https://aplaceforseniorscms.kinsta.cloud/listing/circle-of-life-2/,publish
10608,,,,,,brookings-2,"Brookings creates a space where seniors can feel secure and cared for. Amenities include all day dining, allergy-sensitive, community-sponsored activities, offering convenience and ease. It's a place where thoughtful care meets everyday comfort.",https://aplaceforseniorscms.kinsta.cloud/listing/brookings-2/,publish
10613,,,,,,mingus-terrace-assisted-living-2,"Mingus Terrace Assisted Living is a welcoming place for older adults to feel at home. Amenities include all day dining, allergy-sensitive, community-sponsored activities, offering convenience and ease. Everything is centered around comfort, dignity, and personalized support.",https://aplaceforseniorscms.kinsta.cloud/listing/mingus-terrace-assisted-living-2/,publish
10628,,,,,,arizona-angels-2,"Arizona Angels creates a space where seniors can feel secure and cared for. Amenities include all day dining, allergy-sensitive, community-sponsored activities, offering convenience and ease. Designed to promote independence while providing just the right level of assistance.",https://aplaceforseniorscms.kinsta.cloud/listing/arizona-angels-2/,publish
10634,IMG_4365,,,,,the-heritage-tradition-2,"The Heritage Tradition is a welcoming place for older adults to feel at home. Amenities include activity room, air conditioning, all day dining, offering convenience and ease. From daily routines to special moments, residents are supported every step of the way.",https://aplaceforseniorscms.kinsta.cloud/listing/the-heritage-tradition-2/,publish
10636,IMG_4397,,,,,ridges-at-peoria-2,"Ridges at Peoria creates a space where seniors can feel secure and cared for. Amenities include activity room, air conditioning, all day dining, offering convenience and ease. Designed to promote independence while providing just the right level of assistance.",https://aplaceforseniorscms.kinsta.cloud/listing/ridges-at-peoria-2/,publish
10651,cc-s-adult-care-inc-dining-3,,,,,ccs-adult-care-2,"At CC's Adult Care, residents find a supportive environment that puts well-being first. Amenities include all day dining, allergy-sensitive, community-sponsored activities, offering convenience and ease. It's a place where thoughtful care meets everyday comfort.",https://aplaceforseniorscms.kinsta.cloud/listing/ccs-adult-care-2/,publish
10652,Royal20Oaks20Assisted20Living20Center_Photos_02_Seniorly,,,,,royal-oaks-assisted-living-center-2,"At Royal Oaks Assisted Living Center, residents find a supportive environment that puts well-being first. Amenities include activity room, air conditioning, all day dining, offering convenience and ease. Designed to promote independence while providing just the right level of assistance.",https://aplaceforseniorscms.kinsta.cloud/listing/royal-oaks-assisted-living-center-2/,publish
10654,ChaparralWindsAssistedLiving_Photos_03_Seniorly,,,,,chaparral-winds-assisted-living-2,"At Chaparral Winds Assisted Living, residents find a supportive environment that puts well-being first. Amenities include activity room, air conditioning, all day dining, offering convenience and ease. Designed to promote independence while providing just the right level of assistance.",https://aplaceforseniorscms.kinsta.cloud/listing/chaparral-winds-assisted-living-2/,publish
10666,,,,,,angels-touch-care-home-2,"Angel's Touch Care Home is a thoughtfully designed residence focused on quality living for seniors. Amenities include all day dining, allergy-sensitive, community-sponsored activities, offering convenience and ease. From daily routines to special moments, residents are supported every step of the way.",https://aplaceforseniorscms.kinsta.cloud/listing/angels-touch-care-home-2/,publish
10668,Morningstar20Of20Fountain20Hills_Photos_01_Seniorly,,,,,morningstar-of-fountain-hills-2,"MorningStar Of Fountain Hills is a thoughtfully designed residence focused on quality living for seniors. Amenities include activity room, air conditioning, all day dining, offering convenience and ease. Everything is centered around comfort, dignity, and personalized support.",https://aplaceforseniorscms.kinsta.cloud/listing/morningstar-of-fountain-hills-2/,publish
10670,fountain-view-village-1-exterior-700_sly_high_res_,,,,,fountain-view-village-2,"At Fountain View Village, residents find a supportive environment that puts well-being first. Amenities include activity room, air conditioning, all day dining, offering convenience and ease. Designed to promote independence while providing just the right level of assistance.",https://aplaceforseniorscms.kinsta.cloud/listing/fountain-view-village-2/,publish
10676,,,,,,fountainview-assisted-living-2,"Fountainview Assisted Living creates a space where seniors can feel secure and cared for. Amenities include all day dining, allergy-sensitive, community-sponsored activities, offering convenience and ease. Designed to promote independence while providing just the right level of assistance.",https://aplaceforseniorscms.kinsta.cloud/listing/fountainview-assisted-living-2/,publish
10683,,,,,,lianns-homes-2,"Liann's Homes 2 creates a space where seniors can feel secure and cared for. Amenities include all day dining, allergy-sensitive, community-sponsored activities, offering convenience and ease. From daily routines to special moments, residents are supported every step of the way.",https://aplaceforseniorscms.kinsta.cloud/listing/lianns-homes-2/,publish
10702,chandler-post-acute-and-rehabilitationchandler-post-acute-and-rehabilitation-1-exterior-574,,,,,chandler-post-acute-and-rehabilitation-2,"Chandler Post Acute And Rehabilitation offers a peaceful setting where residents can enjoy day-to-day life comfortably. Amenities include accepted financial services, activity room, air conditioning, offering convenience and ease. Everything is centered around comfort, dignity, and personalized support.",https://aplaceforseniorscms.kinsta.cloud/listing/chandler-post-acute-and-rehabilitation-2/,publish
10715,,,,,,hope-assisted-living-2,"Hope Assisted Living is a thoughtfully designed residence focused on quality living for seniors. Amenities include all day dining, allergy-sensitive, community-sponsored activities, offering convenience and ease. It's a place where thoughtful care meets everyday comfort.",https://aplaceforseniorscms.kinsta.cloud/listing/hope-assisted-living-2/,publish
10719,,,,,,new-reflections-adult-care-home-2,"New Reflections Adult Care Home is a thoughtfully designed residence focused on quality living for seniors. Amenities include all day dining, allergy-sensitive, community-sponsored activities, offering convenience and ease. Designed to promote independence while providing just the right level of assistance.",https://aplaceforseniorscms.kinsta.cloud/listing/new-reflections-adult-care-home-2/,publish
10739,,,,,,sunrise-adult-care-home-2-2,"At Sunrise Adult Care Home 2, residents find a supportive environment that puts well-being first. Amenities include all day dining, allergy-sensitive, community-sponsored activities, offering convenience and ease. It's a place where thoughtful care meets everyday comfort.",https://aplaceforseniorscms.kinsta.cloud/listing/sunrise-adult-care-home-2-2/,publish
10741,,,,,,charles-residential-care-2,"Charles Residential Care is a thoughtfully designed residence focused on quality living for seniors. Amenities include all day dining, allergy-sensitive, community-sponsored activities, offering convenience and ease. Everything is centered around comfort, dignity, and personalized support.",https://aplaceforseniorscms.kinsta.cloud/listing/charles-residential-care-2/,publish
10747,,,,,,annies-care-home-2,"Annie's Care Home creates a space where seniors can feel secure and cared for. Amenities include all day dining, allergy-sensitive, community-sponsored activities, offering convenience and ease. Everything is centered around comfort, dignity, and personalized support.",https://aplaceforseniorscms.kinsta.cloud/listing/annies-care-home-2/,publish
10763,,,,,,g-i-adult-care-home-2,"At G & I Adult Care Home, residents find a supportive environment that puts well-being first. Amenities include all day dining, allergy-sensitive, community-sponsored activities, offering convenience and ease. From daily routines to special moments, residents are supported every step of the way.",https://aplaceforseniorscms.kinsta.cloud/listing/g-i-adult-care-home-2/,publish
10771,north-mountain-front,,,,,avista-senior-living-north-mountain-2,Avista Senior Living North Mountain is a thoughtfully designed residence focused on quality living for seniors. It's a place where thoughtful care meets everyday comfort.,https://aplaceforseniorscms.kinsta.cloud/listing/avista-senior-living-north-mountain-2/,publish
10773,,,,,,golden-years-assisted-living-2,"Golden Years Assisted Living 2 is a welcoming place for older adults to feel at home. Amenities include all day dining, allergy-sensitive, community-sponsored activities, offering convenience and ease. It's a place where thoughtful care meets everyday comfort.",https://aplaceforseniorscms.kinsta.cloud/listing/golden-years-assisted-living-2/,publish
10784,,,,,,acoma-assisted-living-2,"Acoma Assisted Living is a thoughtfully designed residence focused on quality living for seniors. Amenities include all day dining, allergy-sensitive, community-sponsored activities, offering convenience and ease. From daily routines to special moments, residents are supported every step of the way.",https://aplaceforseniorscms.kinsta.cloud/listing/acoma-assisted-living-2/,publish
10787,,,,,,west-valley-helping-hands-2,"At West Valley Helping Hands 2, residents find a supportive environment that puts well-being first. Amenities include all day dining, allergy-sensitive, community-sponsored activities, offering convenience and ease. Here, community and compassion go hand in hand.",https://aplaceforseniorscms.kinsta.cloud/listing/west-valley-helping-hands-2/,publish
10794,,,,,,tang-assisted-living-2,"Tang Assisted Living is a thoughtfully designed residence focused on quality living for seniors. Amenities include all day dining, allergy-sensitive, community-sponsored activities, offering convenience and ease. Here, community and compassion go hand in hand.",https://aplaceforseniorscms.kinsta.cloud/listing/tang-assisted-living-2/,publish
10798,,,,,,desert-bloom-adult-care-home-2,"Desert Bloom Adult Care Home 2 is a welcoming place for older adults to feel at home. Amenities include all day dining, allergy-sensitive, community-sponsored activities, offering convenience and ease. It's a place where thoughtful care meets everyday comfort.",https://aplaceforseniorscms.kinsta.cloud/listing/desert-bloom-adult-care-home-2/,publish
10804,,,,,,beebes-assisted-living-2,"Beebes Assisted Living is a welcoming place for older adults to feel at home. Amenities include all day dining, allergy-sensitive, community-sponsored activities, offering convenience and ease. From daily routines to special moments, residents are supported every step of the way.",https://aplaceforseniorscms.kinsta.cloud/listing/beebes-assisted-living-2/,publish
10807,,,,,,west-valley-care-home-2,"At West Valley Care Home, residents find a supportive environment that puts well-being first. Amenities include all day dining, allergy-sensitive, community-sponsored activities, offering convenience and ease. From daily routines to special moments, residents are supported every step of the way.",https://aplaceforseniorscms.kinsta.cloud/listing/west-valley-care-home-2/,publish
10809,,,,,,care-more-assisted-living-2,"Care More Assisted Living is a welcoming place for older adults to feel at home. Amenities include all day dining, allergy-sensitive, community-sponsored activities, offering convenience and ease. Everything is centered around comfort, dignity, and personalized support.",https://aplaceforseniorscms.kinsta.cloud/listing/care-more-assisted-living-2/,publish
10811,,,,,,emerald-home-care-2,"Emerald Home Care 2 is a thoughtfully designed residence focused on quality living for seniors. Amenities include all day dining, allergy-sensitive, community-sponsored activities, offering convenience and ease. It's a place where thoughtful care meets everyday comfort.",https://aplaceforseniorscms.kinsta.cloud/listing/emerald-home-care-2/,publish
10816,,,,,,fisher-family-home-2,"Fisher Family Home is a welcoming place for older adults to feel at home. Amenities include all day dining, allergy-sensitive, community-sponsored activities, offering convenience and ease. From daily routines to special moments, residents are supported every step of the way.",https://aplaceforseniorscms.kinsta.cloud/listing/fisher-family-home-2/,publish
10818,,,,,,constant-care-assisted-living-2,"Constant Care Assisted Living offers a peaceful setting where residents can enjoy day-to-day life comfortably. Amenities include all day dining, allergy-sensitive, community-sponsored activities, offering convenience and ease. It's a place where thoughtful care meets everyday comfort.",https://aplaceforseniorscms.kinsta.cloud/listing/constant-care-assisted-living-2/,publish
10824,,,,,,care-with-love-2,"Care With Love is a welcoming place for older adults to feel at home. Amenities include all day dining, allergy-sensitive, community-sponsored activities, offering convenience and ease. Designed to promote independence while providing just the right level of assistance.",https://aplaceforseniorscms.kinsta.cloud/listing/care-with-love-2/,publish
10827,,,,,,lifestream-at-youngtown-green-house-2,"Lifestream At Youngtown Green House 2 is a welcoming place for older adults to feel at home. Amenities include all day dining, allergy-sensitive, community-sponsored activities, offering convenience and ease. Here, community and compassion go hand in hand.",https://aplaceforseniorscms.kinsta.cloud/listing/lifestream-at-youngtown-green-house-2/,publish
10836,,,,,,sunnyside-scottsdale-2,"Sunnyside Scottsdale 2 offers a peaceful setting where residents can enjoy day-to-day life comfortably. Amenities include all day dining, allergy-sensitive, community-sponsored activities, offering convenience and ease. It's a place where thoughtful care meets everyday comfort.",https://aplaceforseniorscms.kinsta.cloud/listing/sunnyside-scottsdale-2/,publish
10845,,,,,,adina-adult-care-home-2,"Adina Adult Care Home 2 creates a space where seniors can feel secure and cared for. Amenities include all day dining, allergy-sensitive, community-sponsored activities, offering convenience and ease. Here, community and compassion go hand in hand.",https://aplaceforseniorscms.kinsta.cloud/listing/adina-adult-care-home-2/,publish
10852,,,,,,ac-assisted-living-2,"At AC Assisted Living 2, residents find a supportive environment that puts well-being first. Amenities include all day dining, allergy-sensitive, community-sponsored activities, offering convenience and ease. Everything is centered around comfort, dignity, and personalized support.",https://aplaceforseniorscms.kinsta.cloud/listing/ac-assisted-living-2/,publish
10872,,,,,,beehive-homes-of-sierra-vista-2,"Beehive Homes Of Sierra Vista is a thoughtfully designed residence focused on quality living for seniors. Amenities include all day dining, allergy-sensitive, community-sponsored activities, offering convenience and ease. Designed to promote independence while providing just the right level of assistance.",https://aplaceforseniorscms.kinsta.cloud/listing/beehive-homes-of-sierra-vista-2/,publish
10873,,,,,,cerbat-guest-home-2,"At Cerbat Guest Home, residents find a supportive environment that puts well-being first. Amenities include all day dining, allergy-sensitive, arts room, offering convenience and ease. Here, community and compassion go hand in hand.",https://aplaceforseniorscms.kinsta.cloud/listing/cerbat-guest-home-2/,publish
10874,,,,,,hope-haven-assisted-living-2,"Hope Haven Assisted Living is a thoughtfully designed residence focused on quality living for seniors. Amenities include all day dining, allergy-sensitive, community-sponsored activities, offering convenience and ease. Designed to promote independence while providing just the right level of assistance.",https://aplaceforseniorscms.kinsta.cloud/listing/hope-haven-assisted-living-2/,publish
10879,JasminePlace_Photos_01_Seniorly_sly_high_res_,,,,,avista-senior-living-lake-havasu-2,"Avista Senior Living Lake Havasu is a welcoming place for older adults to feel at home. Amenities include all day dining, allergy-sensitive, arts room, offering convenience and ease. From daily routines to special moments, residents are supported every step of the way.",https://aplaceforseniorscms.kinsta.cloud/listing/avista-senior-living-lake-havasu-2/,publish
10880,Claremont-courtyard-1-2048x1365,,,,,claremont-assisted-living-2,"Claremont Assisted Living creates a space where seniors can feel secure and cared for. Amenities include all day dining, allergy-sensitive, arts room, offering convenience and ease. It's a place where thoughtful care meets everyday comfort.",https://aplaceforseniorscms.kinsta.cloud/listing/claremont-assisted-living-2/,publish
10885,,,,,,serenity-assisted-living-2,"Serenity Assisted Living is a thoughtfully designed residence focused on quality living for seniors. Amenities include all day dining, allergy-sensitive, community-sponsored activities, offering convenience and ease. Designed to promote independence while providing just the right level of assistance.",https://aplaceforseniorscms.kinsta.cloud/listing/serenity-assisted-living-2/,publish
10890,,,,,,gems-assisted-living-4-2,"Gems Assisted Living #4 is a thoughtfully designed residence focused on quality living for seniors. Amenities include all day dining, allergy-sensitive, community-sponsored activities, offering convenience and ease. Designed to promote independence while providing just the right level of assistance.",https://aplaceforseniorscms.kinsta.cloud/listing/gems-assisted-living-4-2/,publish
10895,,,,,,zaweah-luxury-living-2,"Zaweah Luxury Living is a thoughtfully designed residence focused on quality living for seniors. Amenities include all day dining, allergy-sensitive, community-sponsored activities, offering convenience and ease. From daily routines to special moments, residents are supported every step of the way.",https://aplaceforseniorscms.kinsta.cloud/listing/zaweah-luxury-living-2/,publish
10897,,,,,,heaven-can-wait-2,"Heaven Can Wait is a welcoming place for older adults to feel at home. Amenities include all day dining, allergy-sensitive, community-sponsored activities, offering convenience and ease. It's a place where thoughtful care meets everyday comfort.",https://aplaceforseniorscms.kinsta.cloud/listing/heaven-can-wait-2/,publish
10898,,,,,,beautiful-assisted-living-2,"Beautiful Assisted Living 2 offers a peaceful setting where residents can enjoy day-to-day life comfortably. Amenities include all day dining, allergy-sensitive, community-sponsored activities, offering convenience and ease. It's a place where thoughtful care meets everyday comfort.",https://aplaceforseniorscms.kinsta.cloud/listing/beautiful-assisted-living-2/,publish
10905,,,,,,chekela-turners-place-iii-2,"Chekela Turners Place III is a welcoming place for older adults to feel at home. Amenities include all day dining, allergy-sensitive, community-sponsored activities, offering convenience and ease. Designed to promote independence while providing just the right level of assistance.",https://aplaceforseniorscms.kinsta.cloud/listing/chekela-turners-place-iii-2/,publish
10907,la-sonora-at-dove-mountain-exterior-5,,,,,la-sonora-at-dove-mountain-2,"At La Sonora At Dove Mountain, residents find a supportive environment that puts well-being first. Amenities include activity room, air conditioning, all day dining, offering convenience and ease. Here, community and compassion go hand in hand.",https://aplaceforseniorscms.kinsta.cloud/listing/la-sonora-at-dove-mountain-2/,publish
10949,,,,,,summersett-haven-2,"Summersett Haven is a thoughtfully designed residence focused on quality living for seniors. Amenities include all day dining, allergy-sensitive, community-sponsored activities, offering convenience and ease. Everything is centered around comfort, dignity, and personalized support.",https://aplaceforseniorscms.kinsta.cloud/listing/summersett-haven-2/,publish
10961,,,,,,spring-days-adult-care-home-2,"Spring Days Adult Care Home creates a space where seniors can feel secure and cared for. Amenities include all day dining, allergy-sensitive, community-sponsored activities, offering convenience and ease. From daily routines to special moments, residents are supported every step of the way.",https://aplaceforseniorscms.kinsta.cloud/listing/spring-days-adult-care-home-2/,publish
10966,,,,,,normandel-place-2,"Normandel Place offers a peaceful setting where residents can enjoy day-to-day life comfortably. Amenities include all day dining, allergy-sensitive, community-sponsored activities, offering convenience and ease. It's a place where thoughtful care meets everyday comfort.",https://aplaceforseniorscms.kinsta.cloud/listing/normandel-place-2/,publish
10968,,,,,,fidelity-care-corner-2,"At Fidelity Care Corner, residents find a supportive environment that puts well-being first. Amenities include all day dining, allergy-sensitive, community-sponsored activities, offering convenience and ease. Here, community and compassion go hand in hand.",https://aplaceforseniorscms.kinsta.cloud/listing/fidelity-care-corner-2/,publish
10976,,,,,,aspen-care-assisted-living-2,"At Aspen Care Assisted Living, residents find a supportive environment that puts well-being first. Amenities include all day dining, allergy-sensitive, community-sponsored activities, offering convenience and ease. It's a place where thoughtful care meets everyday comfort.",https://aplaceforseniorscms.kinsta.cloud/listing/aspen-care-assisted-living-2/,publish
10980,,,,,,carlton-village-2,"Carlton Village 2 offers a peaceful setting where residents can enjoy day-to-day life comfortably. Amenities include all day dining, allergy-sensitive, community-sponsored activities, offering convenience and ease. Everything is centered around comfort, dignity, and personalized support.",https://aplaceforseniorscms.kinsta.cloud/listing/carlton-village-2/,publish
10993,acoya-shea-senior-living-1br,,,,,acoya-shea-2,"At Acoya Shea, residents find a supportive environment that puts well-being first. Amenities include activity room, air conditioning, all day dining, offering convenience and ease. Designed to promote independence while providing just the right level of assistance.",https://aplaceforseniorscms.kinsta.cloud/listing/acoya-shea-2/,publish
10994,IMG_4006,,,,,morningstar-at-arcadia-2,"MorningStar at Arcadia offers a peaceful setting where residents can enjoy day-to-day life comfortably. Amenities include activity room, air conditioning, all day dining, offering convenience and ease. Here, community and compassion go hand in hand.",https://aplaceforseniorscms.kinsta.cloud/listing/morningstar-at-arcadia-2/,publish
10995,IMG_4221new,,,,,maravilla-scottsdale-2,"Maravilla Scottsdale offers a peaceful setting where residents can enjoy day-to-day life comfortably. Amenities include activity room, air conditioning, all day dining, offering convenience and ease. Here, community and compassion go hand in hand.",https://aplaceforseniorscms.kinsta.cloud/listing/maravilla-scottsdale-2/,publish
11000,torbrook-manor-front-1,,,,,torbrook-manor-2,"At Torbrook Manor, residents find a supportive environment that puts well-being first. Amenities include all day dining, allergy-sensitive, community-sponsored activities, offering convenience and ease. Designed to promote independence while providing just the right level of assistance.",https://aplaceforseniorscms.kinsta.cloud/listing/torbrook-manor-2/,publish
11011,Baba-house-picture,,,,,oakbrook-assisted-living-2,"At OakBrook Assisted Living, residents find a supportive environment that puts well-being first. Amenities include air conditioning, all day dining, allergy-sensitive, offering convenience and ease. From daily routines to special moments, residents are supported every step of the way.",https://aplaceforseniorscms.kinsta.cloud/listing/oakbrook-assisted-living-2/,publish
11017,,,,,,hazelwood-manor-assisted-living-2,"Hazelwood Manor Assisted Living is a welcoming place for older adults to feel at home. Amenities include all day dining, allergy-sensitive, community-sponsored activities, offering convenience and ease. It's a place where thoughtful care meets everyday comfort.",https://aplaceforseniorscms.kinsta.cloud/listing/hazelwood-manor-assisted-living-2/,publish
11026,,,,,,senior-paradise-living-2,"Senior Paradise Living creates a space where seniors can feel secure and cared for. Amenities include all day dining, allergy-sensitive, community-sponsored activities, offering convenience and ease. Here, community and compassion go hand in hand.",https://aplaceforseniorscms.kinsta.cloud/listing/senior-paradise-living-2/,publish
11030,,,,,,biltmore-care-home-2,"Biltmore Care Home 2 is a welcoming place for older adults to feel at home. Amenities include all day dining, allergy-sensitive, community-sponsored activities, offering convenience and ease. From daily routines to special moments, residents are supported every step of the way.",https://aplaceforseniorscms.kinsta.cloud/listing/biltmore-care-home-2/,publish
11035,,,,,,sv-assisted-living-2,"SV Assisted Living 2 creates a space where seniors can feel secure and cared for. Amenities include all day dining, allergy-sensitive, community-sponsored activities, offering convenience and ease. It's a place where thoughtful care meets everyday comfort.",https://aplaceforseniorscms.kinsta.cloud/listing/sv-assisted-living-2/,publish
11047,,,,,,evergreen-assisted-living-2,"Evergreen Assisted Living is a thoughtfully designed residence focused on quality living for seniors. Amenities include all day dining, allergy-sensitive, community-sponsored activities, offering convenience and ease. It's a place where thoughtful care meets everyday comfort.",https://aplaceforseniorscms.kinsta.cloud/listing/evergreen-assisted-living-2/,publish
11051,,,,,,arcadia-home-care-2,"Arcadia Home Care is a thoughtfully designed residence focused on quality living for seniors. Amenities include all day dining, allergy-sensitive, community-sponsored activities, offering convenience and ease. From daily routines to special moments, residents are supported every step of the way.",https://aplaceforseniorscms.kinsta.cloud/listing/arcadia-home-care-2/,publish
11065,,,,,,healing-gardens-assisted-living-care-home-2,"Healing Gardens Assisted Living Care Home is a welcoming place for older adults to feel at home. Amenities include all day dining, allergy-sensitive, community-sponsored activities, offering convenience and ease. Designed to promote independence while providing just the right level of assistance.",https://aplaceforseniorscms.kinsta.cloud/listing/healing-gardens-assisted-living-care-home-2/,publish
11070,,,,,,arizona-senior-living-home-2,"Arizona Senior Living Home 2 offers a peaceful setting where residents can enjoy day-to-day life comfortably. Amenities include all day dining, allergy-sensitive, community-sponsored activities, offering convenience and ease. It's a place where thoughtful care meets everyday comfort.",https://aplaceforseniorscms.kinsta.cloud/listing/arizona-senior-living-home-2/,publish
11086,,,,,,bellaire-assisted-living-2,"Bellaire Assisted Living creates a space where seniors can feel secure and cared for. Amenities include all day dining, allergy-sensitive, community-sponsored activities, offering convenience and ease. Everything is centered around comfort, dignity, and personalized support.",https://aplaceforseniorscms.kinsta.cloud/listing/bellaire-assisted-living-2/,publish
11092,,,,,,pathways-assisted-living-2,"Pathways Assisted Living is a welcoming place for older adults to feel at home. Amenities include all day dining, allergy-sensitive, community-sponsored activities, offering convenience and ease. Designed to promote independence while providing just the right level of assistance.",https://aplaceforseniorscms.kinsta.cloud/listing/pathways-assisted-living-2/,publish
11097,powell-placepowell-place-6b-common,,,,,avista-senior-living-payson-2,"Avista Senior Living Payson is a welcoming place for older adults to feel at home. Amenities include air conditioning, all day dining, allergy-sensitive, offering convenience and ease. Everything is centered around comfort, dignity, and personalized support.",https://aplaceforseniorscms.kinsta.cloud/listing/avista-senior-living-payson-2/,publish
11098,houston-creek-assisted-living-llc-front-2,,,,,houston-creek-assisted-living-2,"At Houston Creek Assisted Living, residents find a supportive environment that puts well-being first. Amenities include all day dining, allergy-sensitive, community-sponsored activities, offering convenience and ease. Designed to promote independence while providing just the right level of assistance.",https://aplaceforseniorscms.kinsta.cloud/listing/houston-creek-assisted-living-2/,publish
11099,,,,,,ordinary-lifestyles-2,"Ordinary Lifestyles is a thoughtfully designed residence focused on quality living for seniors. Amenities include all day dining, allergy-sensitive, community-sponsored activities, offering convenience and ease. It's a place where thoughtful care meets everyday comfort.",https://aplaceforseniorscms.kinsta.cloud/listing/ordinary-lifestyles-2/,publish
11102,granite-gate-slideshow01-1000x667,,,,,granite-gate-senior-living-2,"Granite Gate Senior Living offers a peaceful setting where residents can enjoy day-to-day life comfortably. Amenities include activity room, air conditioning, all day dining, offering convenience and ease. Everything is centered around comfort, dignity, and personalized support.",https://aplaceforseniorscms.kinsta.cloud/listing/granite-gate-senior-living-2/,publish
11117,,,,,,hidden-oasis-2,"Hidden Oasis creates a space where seniors can feel secure and cared for. Amenities include all day dining, allergy-sensitive, community-sponsored activities, offering convenience and ease. Designed to promote independence while providing just the right level of assistance.",https://aplaceforseniorscms.kinsta.cloud/listing/hidden-oasis-2/,publish
11127,,,,,,jr-caring-hearts-2,"At Jr Caring Hearts, residents find a supportive environment that puts well-being first. Amenities include all day dining, allergy-sensitive, community-sponsored activities, offering convenience and ease. Here, community and compassion go hand in hand.",https://aplaceforseniorscms.kinsta.cloud/listing/jr-caring-hearts-2/,publish
11160,,,,,,house-of-prayer-2,"At House Of Prayer, residents find a supportive environment that puts well-being first. Amenities include all day dining, allergy-sensitive, community-sponsored activities, offering convenience and ease. Designed to promote independence while providing just the right level of assistance.",https://aplaceforseniorscms.kinsta.cloud/listing/house-of-prayer-2/,publish
11172,,,,,,hummingbird-assisted-living-2,"Hummingbird Assisted Living creates a space where seniors can feel secure and cared for. Amenities include all day dining, allergy-sensitive, community-sponsored activities, offering convenience and ease. From daily routines to special moments, residents are supported every step of the way.",https://aplaceforseniorscms.kinsta.cloud/listing/hummingbird-assisted-living-2/,publish
11178,,,,,,famiglia-amore-2,"Famiglia Amore creates a space where seniors can feel secure and cared for. Amenities include all day dining, allergy-sensitive, community-sponsored activities, offering convenience and ease. Everything is centered around comfort, dignity, and personalized support.",https://aplaceforseniorscms.kinsta.cloud/listing/famiglia-amore-2/,publish
11213,a-special-place-care-home-dining-1,,,,,a-special-place-care-home-2,"A Special Place Care Home creates a space where seniors can feel secure and cared for. Amenities include all day dining, allergy-sensitive, community-sponsored activities, offering convenience and ease. Everything is centered around comfort, dignity, and personalized support.",https://aplaceforseniorscms.kinsta.cloud/listing/a-special-place-care-home-2/,publish
11218,,,,,,river-valley-estates-2,"River Valley Estates offers a peaceful setting where residents can enjoy day-to-day life comfortably. Amenities include all day dining, allergy-sensitive, arts room, offering convenience and ease. Designed to promote independence while providing just the right level of assistance.",https://aplaceforseniorscms.kinsta.cloud/listing/river-valley-estates-2/,publish
11882,3fd32982aa33569f13f9998a6590625f,,,,,a-love-for-life-2,,https://aplaceforseniorscms.kinsta.cloud/listing/a-love-for-life-2/,publish
11893,b7718dda3876752f3d89a7de302de401,,,,,a-wildflower-assisted-living-and-care-home-2,,https://aplaceforseniorscms.kinsta.cloud/listing/a-wildflower-assisted-living-and-care-home-2/,publish
11952,696d724a6966e05378724adf1c584af4,,,,,advantage-assisted-living-2,,https://aplaceforseniorscms.kinsta.cloud/listing/advantage-assisted-living-2/,publish
11968,,,,,,all-seasons-of-west-jordan-2,,https://aplaceforseniorscms.kinsta.cloud/listing/all-seasons-of-west-jordan-2/,publish
12005,,,,,,apple-tree-assisted-living-2,,https://aplaceforseniorscms.kinsta.cloud/listing/apple-tree-assisted-living-2/,publish
12038,92b3e40b64b88db0d9fce08b64a29651,,,,,arbor-view-2,,https://aplaceforseniorscms.kinsta.cloud/listing/arbor-view-2/,publish
12102,6b9c64f9cd6b32e6ae2f7f057d78b655,,,,,aspen-cares-2,,https://aplaceforseniorscms.kinsta.cloud/listing/aspen-cares-2/,publish
12167,1d149577-ad23-4345-a804-c37558377f82,,,,,assured-senior-living-2,,https://aplaceforseniorscms.kinsta.cloud/listing/assured-senior-living-2/,publish
12210,,,,,,autumn-care-living-center-building-2,,https://aplaceforseniorscms.kinsta.cloud/listing/autumn-care-living-center-building-2/,publish
12295,1cb2e6542902453eb182ef50bc543a30,,,,,beehive-homes-of-bernalillo-2,,https://aplaceforseniorscms.kinsta.cloud/listing/beehive-homes-of-bernalillo-2/,publish
12297,f0f7d09a-f422-4c4e-bcbc-edc07637e72f,,,,,beehive-homes-of-bosque-farms-2,,https://aplaceforseniorscms.kinsta.cloud/listing/beehive-homes-of-bosque-farms-2/,publish
12305,4cce843f9a26aecb5d51f9c695cfadab,,,,,beehive-homes-of-draper-2,,https://aplaceforseniorscms.kinsta.cloud/listing/beehive-homes-of-draper-2/,publish
12311,b7a05077-666c-4cd1-9d7d-44e1d66574ff,,,,,beehive-homes-of-farmington-2,,https://aplaceforseniorscms.kinsta.cloud/listing/beehive-homes-of-farmington-2/,publish
12347,da780f481d7b2dceab64d75672f6b1ba,,,,,beehive-homes-of-richfield-2,,https://aplaceforseniorscms.kinsta.cloud/listing/beehive-homes-of-richfield-2/,publish
12371,817dfc16074ede8d4113294616397bb4,,,,,beehive-homes-of-st-george-2,,https://aplaceforseniorscms.kinsta.cloud/listing/beehive-homes-of-st-george-2/,publish
12415,ebe1ea8256cd2eef6dadcb9b15ce89a5,,,,,best-assisted-living-2,,https://aplaceforseniorscms.kinsta.cloud/listing/best-assisted-living-2/,publish
12448,2ecf67a2-cc90-4140-8234-e53b3a7c93df,,,,,bonaventure-of-colorado-springs-2,,https://aplaceforseniorscms.kinsta.cloud/listing/bonaventure-of-colorado-springs-2/,publish
12456,0ce80202e5c86e2afca6371fc42e008d,,,,,bonney-home-2,,https://aplaceforseniorscms.kinsta.cloud/listing/bonney-home-2/,publish
12565,25df23e6-8bfa-4d68-947e-0196e637120f,,,,,brookdale-meridian-westland-2,,https://aplaceforseniorscms.kinsta.cloud/listing/brookdale-meridian-westland-2/,publish
12580,0281f7b1-9c39-4b20-9e86-742def896caa,,,,,brookdale-santa-fe-2,,https://aplaceforseniorscms.kinsta.cloud/listing/brookdale-santa-fe-2/,publish
12589,7f4312b4-e7be-41c4-a829-9f39f5410dc6,,,,,brookdale-tramway-ridge-2,,https://aplaceforseniorscms.kinsta.cloud/listing/brookdale-tramway-ridge-2/,publish
12591,5767bc0644e2d01aa8153e27b83bd576,,,,,brookdale-tramway-ridge-2-2,,https://aplaceforseniorscms.kinsta.cloud/listing/brookdale-tramway-ridge-2-2/,publish
12643,ef929f5f-8b8c-4005-9284-f1cdab3b64de,,,,,cappella-of-pueblo-west-2,,https://aplaceforseniorscms.kinsta.cloud/listing/cappella-of-pueblo-west-2/,publish
12661,0e30f3c2-d39a-479f-920e-92621e0586eb,,,,,carillon-at-belleview-station-the-2,,https://aplaceforseniorscms.kinsta.cloud/listing/carillon-at-belleview-station-the-2/,publish
12700,7590b7f67d3409b9beddc8205b421aef,,,,,casita-senior-living-2,,https://aplaceforseniorscms.kinsta.cloud/listing/casita-senior-living-2/,publish
12706,cddb30e1d9dac9c099f8e8dbbb470b61,,,,,castle-rock-assisted-living-at-eveningsong-2,,https://aplaceforseniorscms.kinsta.cloud/listing/castle-rock-assisted-living-at-eveningsong-2/,publish
12749,63f7191e-0d9b-4252-9848-25909e930880,,,,,cherry-creek-retirement-village-2,,https://aplaceforseniorscms.kinsta.cloud/listing/cherry-creek-retirement-village-2/,publish
12798,078ae9bd8f85800bce57e8e904637f29,,,,,community-nursing-services-2,,https://aplaceforseniorscms.kinsta.cloud/listing/community-nursing-services-2/,publish
12937,f667ecf50179b60d5a14e8d01825b9e8,,,,,divine-care-homes-2,,https://aplaceforseniorscms.kinsta.cloud/listing/divine-care-homes-2/,publish
12956,079046cad92b02ded8a945bb9d7b2fd5,,,,,eben-ezer-lutheran-care-center-ft-morgan-2,,https://aplaceforseniorscms.kinsta.cloud/listing/eben-ezer-lutheran-care-center-ft-morgan-2/,publish
12962,bd73fb7062dbd7f863f2d90d68a906e3,,,,,eben-ezer-lutheran-care-center-jay-drive-2,,https://aplaceforseniorscms.kinsta.cloud/listing/eben-ezer-lutheran-care-center-jay-drive-2/,publish
13060,,,,,,faith-assisted-living-2,,https://aplaceforseniorscms.kinsta.cloud/listing/faith-assisted-living-2/,publish
13061,833359b3c2911365478c07a15262e8cc,,,,,family-care-assisted-living-2,,https://aplaceforseniorscms.kinsta.cloud/listing/family-care-assisted-living-2/,publish
13073,decb3f72-15a6-4f86-9777-ad3b0428ba24,,,,,fellowship-square-tucson-2,,https://aplaceforseniorscms.kinsta.cloud/listing/fellowship-square-tucson-2/,publish
13220,ab3a679a37270100d3d5cd0fac3b8bbb,,,,,golden-gate-manor-2,,https://aplaceforseniorscms.kinsta.cloud/listing/golden-gate-manor-2/,publish
13250,562c2d6d0ad29239348509fc7fda3036,,,,,good-life-senior-living-and-memory-care-2,,https://aplaceforseniorscms.kinsta.cloud/listing/good-life-senior-living-and-memory-care-2/,publish
13314,e6504010611641afe380e22e747172d6,,,,,greenwood-manor-2,,https://aplaceforseniorscms.kinsta.cloud/listing/greenwood-manor-2/,publish
13325,fe64a0db323b2b004abfbe0d286c6a4d,,,,,harmony-care-assisted-living-2,,https://aplaceforseniorscms.kinsta.cloud/listing/harmony-care-assisted-living-2/,publish
13370,fa37f1523dc37a38509526a3c2e9b900,,,,,healthcare-resort-of-colorado-springs-the-2,,https://aplaceforseniorscms.kinsta.cloud/listing/healthcare-resort-of-colorado-springs-the-2/,publish
13399,,,,,,heritage-home-2,,https://aplaceforseniorscms.kinsta.cloud/listing/heritage-home-2/,publish
13414,3bc943c4-95cc-4d2f-8955-1f671ccd05f3,,,,,hidden-valley-assisted-living-2,,https://aplaceforseniorscms.kinsta.cloud/listing/hidden-valley-assisted-living-2/,publish
13417,,,,,,high-desert-assisted-livinghouse-2,,https://aplaceforseniorscms.kinsta.cloud/listing/high-desert-assisted-livinghouse-2/,publish
13467,,,,,,holladay-home-for-the-elderly-2,,https://aplaceforseniorscms.kinsta.cloud/listing/holladay-home-for-the-elderly-2/,publish
13586,21062da2-8439-4748-ac05-c41bd6180ea0,,,,,kingston-residence-of-santa-fe-2,,https://aplaceforseniorscms.kinsta.cloud/listing/kingston-residence-of-santa-fe-2/,publish
13659,d4689f57-6d3d-42ee-880e-0a988526cd81,,,,,legacy-village-of-provo-2,,https://aplaceforseniorscms.kinsta.cloud/listing/legacy-village-of-provo-2/,publish
13726,41e8fdce79e355c1b88827f87ba980fd,,,,,los-alamos-assisted-living-2,,https://aplaceforseniorscms.kinsta.cloud/listing/los-alamos-assisted-living-2/,publish
13751,ed5c4772-3198-4ef7-9c7e-225505050bf5,,,,,mackenzie-place-colorado-springs-2,,https://aplaceforseniorscms.kinsta.cloud/listing/mackenzie-place-colorado-springs-2/,publish
13830,ed8f1f9f8b50453c15fa36dda9fe925f,,,,,millbrook-homes-2,,https://aplaceforseniorscms.kinsta.cloud/listing/millbrook-homes-2/,publish
13916,512f0fbf-dcb9-4621-b1f6-1afddc453a8f,,,,,mountain-view-assisted-living-2,,https://aplaceforseniorscms.kinsta.cloud/listing/mountain-view-assisted-living-2/,publish
13922,1e99c9ae76e4422e36ba819fad288e29,,,,,mountain-view-manor-2,,https://aplaceforseniorscms.kinsta.cloud/listing/mountain-view-manor-2/,publish
13939,b5f086eddcf2758e8b1ee51d9549420d,,,,,neurorestorative-2,,https://aplaceforseniorscms.kinsta.cloud/listing/neurorestorative-2/,publish
13941,8bd2886e8cc266775040fc747b2134f0,,,,,new-beginnings-2,,https://aplaceforseniorscms.kinsta.cloud/listing/new-beginnings-2/,publish
13965,a247b11e-fb10-427b-8700-59efdf217b95,,,,,northglenn-heights-assisted-living-community-2,,https://aplaceforseniorscms.kinsta.cloud/listing/northglenn-heights-assisted-living-community-2/,publish
14037,08e60a2d4b78a83d2d64996503c25aa9,,,,,peachtree-assisted-living-llc-2,,https://aplaceforseniorscms.kinsta.cloud/listing/peachtree-assisted-living-llc-2/,publish
14193,1ca2bd41763ad9791b5b77b9cf0145e7,,,,,rmcc-2,,https://aplaceforseniorscms.kinsta.cloud/listing/rmcc-2/,publish
14251,bdde9cf4-e196-4e67-8688-c2351d2fc6fa,,,,,rose-of-sharon-2,,https://aplaceforseniorscms.kinsta.cloud/listing/rose-of-sharon-2/,publish
14354,27f4f2398bdcc380baa3243edf696c9c,,,,,serenity-at-woodlands-2,,https://aplaceforseniorscms.kinsta.cloud/listing/serenity-at-woodlands-2/,publish
14431,,,,,,solange-at-apple-tree-2,,https://aplaceforseniorscms.kinsta.cloud/listing/solange-at-apple-tree-2/,publish
14458,8680cd09-aed2-4412-af6c-9638369fa116,,,,,solstice-senior-living-at-sandy-2,,https://aplaceforseniorscms.kinsta.cloud/listing/solstice-senior-living-at-sandy-2/,publish
14516,34036f9582bf060d75f410b22c361d90,,,,,st-andrews-village-2,,https://aplaceforseniorscms.kinsta.cloud/listing/st-andrews-village-2/,publish
14537,591b3bb13d15da1fdefd5705b5f5baed,,,,,starlight-assisted-living-2,,https://aplaceforseniorscms.kinsta.cloud/listing/starlight-assisted-living-2/,publish
14578,dc9e5eb7b48fb56fc803c8252bdadbe1,,,,,summit-senior-living-2,,https://aplaceforseniorscms.kinsta.cloud/listing/summit-senior-living-2/,publish
14582,8e683a6d785e4c1d6d66e688fe4cf4ea,,,,,summit-supportive-communities-2,,https://aplaceforseniorscms.kinsta.cloud/listing/summit-supportive-communities-2/,publish
14644,1a3012033d6069633ba30c4f05f53fa1,,,,,tcal-2,,https://aplaceforseniorscms.kinsta.cloud/listing/tcal-2/,publish
14646,d40611c943b5a386a96f2f2bd11d2f52,,,,,tcal-2-2,,https://aplaceforseniorscms.kinsta.cloud/listing/tcal-2-2/,publish
14662,ecf44bde294792a6409ca007cbe33bcd,,,,,tercer-cielo-2,,https://aplaceforseniorscms.kinsta.cloud/listing/tercer-cielo-2/,publish
14678,ac306a8e-495f-4b71-9fee-bb6074166b10,,,,,the-albuquerque-grand-senior-living-2,,https://aplaceforseniorscms.kinsta.cloud/listing/the-albuquerque-grand-senior-living-2/,publish
14734,d48812e9b8cb2031b83d11fdba036e7d,,,,,the-heritage-assisted-living-2,,https://aplaceforseniorscms.kinsta.cloud/listing/the-heritage-assisted-living-2/,publish
14773,,,,,,the-oberon-house-2,,https://aplaceforseniorscms.kinsta.cloud/listing/the-oberon-house-2/,publish
14882,cdfd3ccd4353c65d765dfe8911dcc657,,,,,valeo-hospice-2,,https://aplaceforseniorscms.kinsta.cloud/listing/valeo-hospice-2/,publish
14885,1628f54f12071ae2731b9f8bdc58b457,,,,,valley-assisted-living-2,,https://aplaceforseniorscms.kinsta.cloud/listing/valley-assisted-living-2/,publish
14891,,,,,,verena-at-gilbert-2,,https://aplaceforseniorscms.kinsta.cloud/listing/verena-at-gilbert-2/,publish
14917,48b6f92a79f5c5075d3b34fd051e09de,,,,,villas-at-sunny-acres-the-2,,https://aplaceforseniorscms.kinsta.cloud/listing/villas-at-sunny-acres-the-2/,publish
